id,first_name,last_name,email,gender,ip_address,address
1,Roderigo,Tappin,rtappin0@microsoft.com,Male,147.135.10.248,Room 971
2,Kelsey,Corradengo,kcorradengo1@github.com,Male,147.75.204.101,Room 466
3,Sawyere,Ruddlesden,sruddlesden2@imdb.com,Male,92.250.214.118,17th Floor
4,Flossie,Sprouls,fsprouls3@stanford.edu,Female,154.218.15.72,Suite 81
5,Linn,Paske,lpaske4@istockphoto.com,Male,175.12.155.196,Room 109
6,Lelah,Hamshar,lhamshar5@mac.com,Female,63.93.212.204,PO Box 98961
7,Linnell,Soppit,lsoppit6@jigsy.com,Female,219.167.19.247,16th Floor
8,Doyle,Amis,damis7@imageshack.us,Male,47.213.121.85,Apt 542
9,Rodie,Seaborne,rseaborne8@reverbnation.com,Female,205.235.217.102,Apt 1382
10,Rosette,Mardy,rmardy9@cdbaby.com,Genderfluid,89.227.114.59,Apt 1312
11,Gayelord,Belsher,gbelshera@devhub.com,Male,17.55.217.133,1st Floor
12,Hyacinthie,McKintosh,hmckintoshb@sakura.ne.jp,Female,229.234.251.160,PO Box 35914
13,Jonas,Yankishin,jyankishinc@barnesandnoble.com,Male,195.129.8.120,18th Floor
14,Fraser,Real,freald@examiner.com,Male,196.105.120.53,Room 203
15,Chaddie,Bence,cbencee@pinterest.com,Male,179.213.133.61,Suite 32
16,Jakie,Martland,jmartlandf@buzzfeed.com,Male,168.51.42.67,PO Box 60512
17,Gianna,Cardnell,gcardnellg@storify.com,Female,97.76.33.231,PO Box 7173
18,Bryana,Harkins,bharkinsh@imageshack.us,Genderqueer,221.229.2.234,18th Floor
19,Ingram,Klaes,iklaesi@blog.com,Male,171.217.84.183,Room 1984
20,Giana,Lucy,glucyj@wp.com,Female,58.233.30.70,Suite 93
21,Osbert,Hancorn,ohancornk@vk.com,Male,140.139.75.170,4th Floor
22,Vergil,Lyddyard,vlyddyardl@nba.com,Male,111.222.13.6,4th Floor
23,Shepperd,Gouly,sgoulym@usnews.com,Male,132.90.131.164,PO Box 4778
24,Jeffy,Yeaman,jyeamann@ask.com,Male,215.0.136.32,Room 423
25,Langsdon,Cooksey,lcookseyo@spotify.com,Male,18.87.71.23,Room 398
26,Justinn,Crosthwaite,jcrosthwaitep@clickbank.net,Female,29.120.72.227,Room 372
27,Berky,Bickerton,bbickertonq@altervista.org,Male,60.94.215.25,PO Box 67649
28,Kendrick,Polo,kpolor@addthis.com,Male,55.86.238.8,Suite 24
29,Belle,Kirwood,bkirwoods@biglobe.ne.jp,Female,214.210.153.238,PO Box 70097
30,Gerald,Truswell,gtruswellt@google.fr,Male,163.119.77.3,Suite 1
31,Danna,Alessandrini,dalessandriniu@ehow.com,Female,206.228.0.190,4th Floor
32,Vivienne,Durdy,vdurdyv@webmd.com,Female,187.6.194.22,Apt 342
33,Gustavus,Estrella,gestrellaw@wordpress.com,Non-binary,133.45.229.250,Apt 28
34,Wright,Storres,wstorresx@sfgate.com,Male,224.105.44.6,3rd Floor
35,Shari,Vasilkov,svasilkovy@telegraph.co.uk,Female,204.73.126.160,Apt 1786
36,Jacquelin,Ughini,jughiniz@usnews.com,Female,64.156.1.37,Room 938
37,Manfred,Covely,mcovely10@yahoo.co.jp,Male,90.201.91.49,Apt 1877
38,Billye,Hurdis,bhurdis11@aol.com,Female,97.1.136.185,Apt 1204
39,Madelaine,Craydon,mcraydon12@dagondesign.com,Female,32.225.23.7,Room 175
40,Garold,Barnsdale,gbarnsdale13@reddit.com,Male,187.5.40.61,18th Floor
41,Raviv,Bosward,rbosward14@wordpress.org,Male,232.106.117.177,Apt 351
42,Mahalia,Hizir,mhizir15@unc.edu,Female,140.22.219.2,Suite 52
43,Karen,Cogle,kcogle16@fotki.com,Female,153.174.3.197,Apt 1657
44,Clyve,Folder,cfolder17@cloudflare.com,Male,247.37.24.91,PO Box 89648
45,Faith,Lismer,flismer18@google.com.hk,Female,129.239.134.67,PO Box 25522
46,Tremain,Monsey,tmonsey19@ed.gov,Male,17.32.216.145,Room 1366
47,David,Gottschalk,dgottschalk1a@reverbnation.com,Male,134.132.44.161,7th Floor
48,Lucita,Fairpool,lfairpool1b@usa.gov,Female,37.13.81.204,Room 1727
49,Sheffield,Ziemen,sziemen1c@de.vu,Male,120.165.149.180,17th Floor
50,Adah,Staves,astaves1d@google.com.hk,Female,57.98.27.30,PO Box 65138
51,Florida,Garoghan,fgaroghan1e@businessweek.com,Female,185.147.125.22,Apt 1191
52,Sydney,Tunuy,stunuy1f@baidu.com,Male,202.91.199.254,Apt 436
53,Candice,Rasmus,crasmus1g@technorati.com,Female,54.146.118.6,Room 59
54,Hiram,Senechault,hsenechault1h@vimeo.com,Male,212.124.4.46,Apt 763
55,Birdie,Olligan,bolligan1i@loc.gov,Female,98.57.90.222,Suite 12
56,Osborn,Solleme,osolleme1j@amazonaws.com,Male,111.4.23.168,PO Box 1064
57,Hiram,Crossan,hcrossan1k@creativecommons.org,Male,58.147.241.29,1st Floor
58,Davita,Bovingdon,dbovingdon1l@gravatar.com,Female,136.56.57.151,Suite 62
59,Alastair,MacCallester,amaccallester1m@who.int,Male,143.153.67.193,PO Box 27271
60,Bendicty,Guerri,bguerri1n@sohu.com,Male,151.78.98.198,Room 902
61,Rhett,Donati,rdonati1o@geocities.com,Male,59.90.56.30,Apt 1828
62,Woodrow,Vennings,wvennings1p@time.com,Male,3.234.11.152,Apt 411
63,Colleen,Corbie,ccorbie1q@yale.edu,Female,118.39.94.232,Apt 194
64,Tymothy,Labadini,tlabadini1r@engadget.com,Male,238.150.86.136,PO Box 15770
65,Eloise,Rhodes,erhodes1s@twitpic.com,Female,90.35.195.71,Room 1167
66,Ilysa,Patey,ipatey1t@mtv.com,Female,203.191.46.8,Suite 2
67,Odell,Larose,olarose1u@gmpg.org,Male,160.187.76.230,Room 1941
68,Carlotta,Kopecka,ckopecka1v@naver.com,Polygender,124.114.145.131,Room 1897
69,Flynn,Lippingwell,flippingwell1w@jalbum.net,Male,96.32.172.19,Room 97
70,Raina,Jayne,rjayne1x@cmu.edu,Female,247.188.38.129,Suite 58
71,Sanford,Chesher,schesher1y@toplist.cz,Male,188.69.182.231,Apt 1666
72,Tabb,Camelli,tcamelli1z@goodreads.com,Male,203.58.80.14,PO Box 57860
73,Leonidas,Swannack,lswannack20@tamu.edu,Male,241.153.254.82,Apt 10
74,Gerard,Littlekit,glittlekit21@lycos.com,Agender,37.126.108.151,PO Box 75347
75,Yulma,McGerraghty,ymcgerraghty22@nih.gov,Male,126.97.162.17,15th Floor
76,Vaclav,Iveson,viveson23@dion.ne.jp,Male,112.72.252.156,7th Floor
77,Fran,Janos,fjanos24@paypal.com,Male,146.0.102.70,Suite 45
78,Sayre,Smye,ssmye25@photobucket.com,Male,132.180.65.200,PO Box 71603
79,Toma,Yankin,tyankin26@sourceforge.net,Female,131.227.210.176,Room 1128
80,Appolonia,Speed,aspeed27@bloglovin.com,Female,142.240.215.234,Apt 1776
81,Jay,Lindenman,jlindenman28@ustream.tv,Male,173.165.114.101,Apt 131
82,Wilhelmina,Graham,wgraham29@wix.com,Female,186.251.132.201,Suite 59
83,Shaine,Dennison,sdennison2a@dailymotion.com,Female,235.118.203.255,Suite 12
84,Nilson,Barbera,nbarbera2b@drupal.org,Male,27.161.213.185,Suite 45
85,Maire,Beincken,mbeincken2c@usda.gov,Female,254.94.94.105,18th Floor
86,Dori,Brims,dbrims2d@cornell.edu,Female,155.222.208.216,PO Box 9075
87,Becca,Goskar,bgoskar2e@artisteer.com,Female,230.143.114.72,Suite 19
88,Wolf,Fairebrother,wfairebrother2f@dailymotion.com,Polygender,64.175.0.157,Apt 670
89,Grethel,Coumbe,gcoumbe2g@oakley.com,Female,207.203.191.154,2nd Floor
90,Gay,Duthie,gduthie2h@patch.com,Male,104.62.151.111,Apt 1530
91,Leia,Woodison,lwoodison2i@baidu.com,Female,163.143.66.34,Room 28
92,Sonnie,Brewerton,sbrewerton2j@skype.com,Male,93.241.208.26,Apt 1100
93,Hollis,MacAdam,hmacadam2k@blogger.com,Male,124.30.7.221,PO Box 28899
94,Neille,Aries,naries2l@discuz.net,Female,42.31.98.219,19th Floor
95,Marna,Korlat,mkorlat2m@intel.com,Female,82.104.116.94,Apt 1753
96,Loralee,Doig,ldoig2n@marriott.com,Female,209.174.249.216,PO Box 63580
97,Ross,Spohrmann,rspohrmann2o@paypal.com,Male,24.119.142.216,Apt 380
98,Joelynn,Tivenan,jtivenan2p@home.pl,Bigender,72.186.205.62,Room 935
99,Nora,Antecki,nantecki2q@ycombinator.com,Female,36.143.122.177,1st Floor
100,Doralyn,Hiskey,dhiskey2r@slate.com,Female,167.249.105.20,Apt 1957
101,Sigfried,Everington,severington2s@live.com,Male,231.98.200.77,Suite 47
102,Rog,Slarke,rslarke2t@sphinn.com,Polygender,19.229.43.222,Apt 500
103,Nico,Guerra,nguerra2u@a8.net,Male,44.98.181.96,Suite 74
104,Luelle,Blackly,lblackly2v@oracle.com,Female,129.205.154.134,Suite 24
105,Linn,Sturch,lsturch2w@cdbaby.com,Female,100.51.148.250,6th Floor
106,Beauregard,Greschke,bgreschke2x@google.com.hk,Male,180.185.146.88,15th Floor
107,Morton,Dur,mdur2y@cdbaby.com,Genderqueer,0.49.30.203,PO Box 23541
108,Peder,Bagg,pbagg2z@springer.com,Male,228.229.193.111,Suite 88
109,Norbert,Blew,nblew30@tmall.com,Male,132.233.179.252,Room 996
110,Sherill,Oolahan,soolahan31@mapy.cz,Female,113.34.236.187,PO Box 84758
111,Garey,Wholesworth,gwholesworth32@newsvine.com,Male,127.115.155.213,Apt 241
112,Dawna,Questier,dquestier33@narod.ru,Female,82.36.158.235,Room 64
113,Franni,Simonds,fsimonds34@msu.edu,Female,102.167.202.115,Room 1890
114,Malina,Curley,mcurley35@fda.gov,Female,111.61.115.42,Apt 591
115,Barry,Sommer,bsommer36@theguardian.com,Male,10.82.247.186,18th Floor
116,Ortensia,Birth,obirth37@ocn.ne.jp,Female,108.76.96.161,Room 1127
117,Drugi,Lasslett,dlasslett38@paginegialle.it,Male,172.138.139.105,Apt 587
118,Myrtice,Dubbin,mdubbin39@posterous.com,Female,121.111.82.48,Room 603
119,Vikki,Cominoli,vcominoli3a@mapy.cz,Female,210.63.116.254,Room 1290
120,Gaby,Giddons,ggiddons3b@blogs.com,Female,192.159.56.215,PO Box 59496
121,Thekla,Cossell,tcossell3c@seattletimes.com,Female,25.89.223.69,9th Floor
122,Tiffie,Fishly,tfishly3d@free.fr,Female,64.120.82.26,Room 1571
123,Concordia,McQuie,cmcquie3e@diigo.com,Female,6.148.164.5,PO Box 76555
124,Mariele,Yatman,myatman3f@free.fr,Female,247.87.79.236,Suite 90
125,Leeann,Airlie,lairlie3g@live.com,Female,136.22.77.100,Room 1005
126,Isiahi,Dobbing,idobbing3h@meetup.com,Male,161.77.71.45,Suite 48
127,Frederigo,Ruegg,fruegg3i@diigo.com,Male,214.6.107.101,Suite 95
128,Sonnie,Dominguez,sdominguez3j@geocities.jp,Male,111.243.70.49,PO Box 73262
129,Debor,Tayler,dtayler3k@addtoany.com,Agender,170.18.218.160,PO Box 49482
130,Brook,Carlson,bcarlson3l@vk.com,Female,158.1.121.104,PO Box 78062
131,Corri,Pavkovic,cpavkovic3m@whitehouse.gov,Female,202.255.157.138,PO Box 39050
132,Elly,Cayzer,ecayzer3n@bing.com,Female,87.150.233.66,PO Box 58118
133,Gerri,Jinkin,gjinkin3o@topsy.com,Female,44.14.21.239,Suite 58
134,Lisa,Moakson,lmoakson3p@independent.co.uk,Female,53.162.183.191,16th Floor
135,Zitella,Duxfield,zduxfield3q@xing.com,Polygender,135.43.157.129,PO Box 99731
136,Alwyn,Grog,agrog3r@prweb.com,Male,126.171.76.221,Room 1188
137,Nicolle,Bangham,nbangham3s@webs.com,Female,19.213.99.76,15th Floor
138,Rock,Zmitruk,rzmitruk3t@homestead.com,Male,249.227.148.178,12th Floor
139,Enrichetta,Bertolin,ebertolin3u@cbc.ca,Female,169.94.87.72,12th Floor
140,Ingmar,Parncutt,iparncutt3v@blogger.com,Male,249.97.176.57,Apt 503
141,Marion,Butt,mbutt3w@cam.ac.uk,Agender,206.84.167.185,Room 586
142,Jack,Bramall,jbramall3x@mit.edu,Male,115.98.4.73,Suite 93
143,Rubetta,Baldetti,rbaldetti3y@wp.com,Female,81.82.106.174,Room 608
144,Wye,Barrowclough,wbarrowclough3z@opensource.org,Male,212.151.165.44,Room 73
145,Vita,Mell,vmell40@nature.com,Female,218.84.51.214,PO Box 73576
146,Park,La Croce,placroce41@t-online.de,Male,84.65.90.18,Suite 68
147,Randy,Lude,rlude42@prlog.org,Female,56.75.188.45,Suite 45
148,Bern,Crooks,bcrooks43@cdc.gov,Male,50.205.224.11,13th Floor
149,Laurie,Rosenfeld,lrosenfeld44@businesswire.com,Female,134.130.169.213,9th Floor
150,Ronny,MacGuigan,rmacguigan45@yellowbook.com,Male,116.168.43.28,PO Box 96069
151,Avie,Stempe,astempe46@google.fr,Female,252.173.163.113,Apt 1607
152,Traci,Tansill,ttansill47@phpbb.com,Female,171.3.26.71,Room 155
153,Marven,Brasener,mbrasener48@geocities.jp,Male,232.173.196.85,Room 1591
154,Sloan,Cherrett,scherrett49@jalbum.net,Male,218.32.117.65,Room 485
155,Kaile,Chyuerton,kchyuerton4a@zimbio.com,Female,215.192.207.161,Room 63
156,Willey,Di Giacomo,wdigiacomo4b@uiuc.edu,Male,254.76.19.59,Apt 1144
157,Wit,Lyard,wlyard4c@pen.io,Male,115.181.95.246,PO Box 57243
158,Doyle,Spurrior,dspurrior4d@sciencedaily.com,Male,85.98.93.48,PO Box 15781
159,Quentin,Steggals,qsteggals4e@bloomberg.com,Female,11.222.177.227,Apt 817
160,Morganne,Prinn,mprinn4f@addthis.com,Female,184.226.79.87,Apt 1819
161,Maureen,Dymott,mdymott4g@liveinternet.ru,Female,14.5.253.20,8th Floor
162,Radcliffe,Hanfrey,rhanfrey4h@freewebs.com,Male,142.198.137.48,Room 837
163,Clarinda,Hallatt,challatt4i@de.vu,Female,48.135.114.83,PO Box 29475
164,Wash,Desbrow,wdesbrow4j@cornell.edu,Male,1.77.15.208,PO Box 40490
165,Martino,Bewlie,mbewlie4k@illinois.edu,Agender,212.226.99.217,Apt 653
166,Cecilla,Scoterbosh,cscoterbosh4l@auda.org.au,Female,163.48.103.126,Room 1964
167,Loren,Cadigan,lcadigan4m@last.fm,Male,38.165.47.35,Suite 39
168,Kelvin,Aikett,kaikett4n@uol.com.br,Male,115.91.255.150,Suite 68
169,Sandra,Casserley,scasserley4o@sbwire.com,Female,175.140.124.115,18th Floor
170,Retha,Viollet,rviollet4p@statcounter.com,Female,84.249.119.76,4th Floor
171,Ernesta,Markovic,emarkovic4q@squarespace.com,Female,18.252.169.159,Suite 62
172,Vicky,Burree,vburree4r@spotify.com,Female,241.170.194.114,Apt 749
173,Gibby,Shurrock,gshurrock4s@weather.com,Genderfluid,15.51.12.20,PO Box 5684
174,Nona,Dragon,ndragon4t@t.co,Female,8.249.246.32,PO Box 20107
175,Waring,Dyhouse,wdyhouse4u@cornell.edu,Male,134.189.46.64,PO Box 36068
176,Jerald,Duce,jduce4v@whitehouse.gov,Male,187.152.242.24,Room 724
177,Mel,Reaper,mreaper4w@dmoz.org,Male,99.31.102.134,17th Floor
178,Roy,Spikins,rspikins4x@dion.ne.jp,Male,150.240.139.22,Apt 846
179,Perren,Mattielli,pmattielli4y@biglobe.ne.jp,Genderqueer,242.194.53.223,Apt 108
180,Etti,Topes,etopes4z@virginia.edu,Female,239.235.63.164,13th Floor
181,Wenonah,Pickring,wpickring50@businessweek.com,Female,179.159.237.11,1st Floor
182,Binky,Gratton,bgratton51@businessinsider.com,Genderqueer,90.222.64.106,PO Box 17009
183,Terri,Dreini,tdreini52@bluehost.com,Female,255.38.250.14,PO Box 64846
184,Ingeberg,Scare,iscare53@cargocollective.com,Non-binary,245.216.139.110,Suite 41
185,Rurik,Gilcrist,rgilcrist54@home.pl,Male,52.17.252.137,PO Box 699
186,Eduino,Singleton,esingleton55@domainmarket.com,Male,48.114.225.76,Apt 302
187,Arleyne,Lovekin,alovekin56@illinois.edu,Agender,233.113.39.103,Suite 20
188,Meg,Tumini,mtumini57@ameblo.jp,Female,202.182.5.210,PO Box 6403
189,Lea,Le Provost,lleprovost58@fastcompany.com,Female,167.156.222.76,Room 697
190,Dore,Miebes,dmiebes59@tmall.com,Female,102.92.186.198,Suite 31
191,Berny,Clawley,bclawley5a@yolasite.com,Male,150.63.14.237,PO Box 34680
192,Jocelyn,Killingworth,jkillingworth5b@ftc.gov,Female,76.201.79.76,Suite 64
193,Nicki,Sex,nsex5c@tripod.com,Female,85.207.234.48,Room 1117
194,Calla,Pritchard,cpritchard5d@theguardian.com,Female,110.30.208.21,8th Floor
195,Hart,Highman,hhighman5e@businessinsider.com,Male,76.196.226.48,15th Floor
196,Sheffie,Leyburn,sleyburn5f@cmu.edu,Male,35.74.88.215,7th Floor
197,Brandy,Matchett,bmatchett5g@cmu.edu,Female,69.237.104.109,Room 1225
198,Thebault,Tilberry,ttilberry5h@hugedomains.com,Male,38.64.144.23,Suite 34
199,Charlean,Syratt,csyratt5i@ebay.com,Female,126.69.95.95,Suite 4
200,Yale,Presser,ypresser5j@slashdot.org,Male,205.195.25.48,13th Floor
201,Dredi,Gammet,dgammet5k@360.cn,Genderqueer,191.201.11.85,Room 1966
202,Florella,Lillico,flillico5l@harvard.edu,Female,248.1.51.181,Apt 1154
203,Reinaldos,Simkovich,rsimkovich5m@weather.com,Male,97.217.231.63,Suite 13
204,Bartholemy,O'Henecan,bohenecan5n@aboutads.info,Male,167.174.8.184,14th Floor
205,Roseanne,Rumford,rrumford5o@linkedin.com,Female,46.196.238.58,Suite 37
206,Ethelin,Leet,eleet5p@admin.ch,Female,136.56.161.125,Suite 56
207,Antony,Brangan,abrangan5q@google.com.hk,Male,195.213.80.110,Suite 5
208,Dannye,Stephens,dstephens5r@aol.com,Female,31.114.209.5,Room 1056
209,Hailey,Castanos,hcastanos5s@java.com,Male,77.124.104.248,Room 855
210,Emilie,Haseldine,ehaseldine5t@livejournal.com,Female,40.79.241.158,Suite 7
211,Merry,Scole,mscole5u@sciencedirect.com,Female,92.217.242.141,PO Box 10699
212,Jeffy,Nuccitelli,jnuccitelli5v@cpanel.net,Male,173.60.17.157,Suite 19
213,Cissiee,Willerstone,cwillerstone5w@purevolume.com,Bigender,184.161.6.33,PO Box 47801
214,Adeline,Balcock,abalcock5x@unc.edu,Female,123.12.32.206,Suite 68
215,Samson,Tomczynski,stomczynski5y@google.com.hk,Male,77.200.7.158,Room 1871
216,Neysa,Klimowicz,nklimowicz5z@bandcamp.com,Female,227.75.74.62,Apt 9
217,Torrence,Colbeck,tcolbeck60@whitehouse.gov,Male,13.232.243.159,PO Box 28042
218,Porty,Coull,pcoull61@storify.com,Male,136.94.145.240,PO Box 58637
219,Haywood,Mayfield,hmayfield62@senate.gov,Male,177.231.49.239,20th Floor
220,Carmelina,Mowatt,cmowatt63@apple.com,Bigender,216.216.205.45,Suite 28
221,Bernardine,Hinsche,bhinsche64@privacy.gov.au,Female,153.192.97.53,6th Floor
222,Urbano,Battram,ubattram65@epa.gov,Male,179.29.56.241,11th Floor
223,Alvin,Rau,arau66@vistaprint.com,Male,180.157.130.16,Suite 98
224,Jody,Garrud,jgarrud67@xing.com,Male,80.47.146.67,Suite 16
225,Suellen,Shipway,sshipway68@time.com,Female,155.31.29.157,Room 1188
226,Eadie,Havesides,ehavesides69@smh.com.au,Female,229.223.73.239,2nd Floor
227,Cordy,Jobbings,cjobbings6a@ucsd.edu,Male,245.109.235.133,PO Box 93490
228,Emelia,Segot,esegot6b@etsy.com,Female,99.155.253.211,Room 287
229,Malcolm,D'Ambrogi,mdambrogi6c@woothemes.com,Agender,196.14.155.225,Room 1586
230,Aldous,Tapsell,atapsell6d@live.com,Male,234.67.48.149,PO Box 16861
231,Luce,Boatman,lboatman6e@oracle.com,Male,173.25.133.169,Suite 43
232,Pauly,Anneslie,panneslie6f@edublogs.org,Male,208.44.14.26,Suite 43
233,Harwilll,Sayse,hsayse6g@cornell.edu,Male,74.96.183.246,Suite 11
234,Anabella,Raffels,araffels6h@printfriendly.com,Female,140.7.180.124,Apt 1093
235,Vanni,Plumtree,vplumtree6i@techcrunch.com,Female,5.241.12.96,Room 1793
236,Alysa,Foad,afoad6j@rakuten.co.jp,Female,137.2.51.44,Suite 97
237,Colin,Jore,cjore6k@typepad.com,Male,151.212.41.27,Suite 62
238,Berkly,Beckenham,bbeckenham6l@accuweather.com,Genderfluid,116.241.151.243,Room 1328
239,Tailor,Grason,tgrason6m@bizjournals.com,Male,136.219.63.249,Suite 91
240,Sarena,Grinter,sgrinter6n@angelfire.com,Polygender,50.41.20.13,Room 192
241,Dorise,Sanday,dsanday6o@blogger.com,Female,142.29.125.41,Apt 1976
242,Romonda,Casero,rcasero6p@t-online.de,Female,227.0.136.33,Suite 68
243,Cornell,Benford,cbenford6q@hud.gov,Male,15.226.169.205,Apt 1711
244,Kim,Tomsa,ktomsa6r@gnu.org,Male,13.44.155.90,Apt 285
245,Monro,Waterhouse,mwaterhouse6s@reverbnation.com,Male,170.21.210.35,14th Floor
246,Cloe,Metheringham,cmetheringham6t@photobucket.com,Female,3.107.50.37,Room 271
247,Pancho,Fleetwood,pfleetwood6u@nyu.edu,Male,110.220.27.113,Apt 684
248,Austine,Tatum,atatum6v@home.pl,Female,20.180.188.198,Suite 19
249,Cyril,Oade,coade6w@bizjournals.com,Male,87.205.78.78,Apt 1860
250,Lea,Josefovic,ljosefovic6x@comsenz.com,Female,106.199.31.84,15th Floor
251,Clerc,Gookey,cgookey6y@cdbaby.com,Male,228.59.214.169,PO Box 61710
252,Janie,Velez,jvelez6z@list-manage.com,Female,86.66.108.28,Suite 76
253,Grannie,Chaldecott,gchaldecott70@irs.gov,Male,81.91.166.48,12th Floor
254,Sven,Kilkenny,skilkenny71@cmu.edu,Male,42.27.74.44,Apt 1093
255,Korella,Besson,kbesson72@linkedin.com,Female,241.18.204.16,15th Floor
256,Selestina,Willsmore,swillsmore73@lycos.com,Female,31.192.181.153,Suite 6
257,Patrica,Wherton,pwherton74@behance.net,Female,182.104.234.224,Apt 209
258,Andriana,Hughes,ahughes75@vinaora.com,Female,99.198.63.58,Apt 1590
259,Jessamine,O'Henehan,johenehan76@angelfire.com,Female,226.113.102.123,Suite 31
260,Baxie,Croxley,bcroxley77@examiner.com,Agender,19.17.245.135,Apt 133
261,Angelika,Martygin,amartygin78@phoca.cz,Female,224.108.69.219,Room 1189
262,Brana,Welchman,bwelchman79@ucoz.ru,Female,49.116.123.176,Suite 25
263,Alyosha,Facer,afacer7a@zdnet.com,Male,244.41.238.239,9th Floor
264,Sigismund,Hallewell,shallewell7b@t.co,Male,249.195.143.180,Apt 1743
265,Corbett,Siuda,csiuda7c@wired.com,Male,118.149.246.167,Apt 57
266,Hali,Fullstone,hfullstone7d@usa.gov,Female,207.90.152.177,Room 1504
267,Lanie,Petrichat,lpetrichat7e@wikispaces.com,Male,56.60.165.72,13th Floor
268,Goldina,Polini,gpolini7f@earthlink.net,Female,204.3.162.74,20th Floor
269,Celia,Castelijn,ccastelijn7g@usnews.com,Female,108.197.179.146,Suite 53
270,Torre,O'Hagerty,tohagerty7h@shinystat.com,Male,44.197.51.174,Suite 54
271,Scotty,Beiderbeck,sbeiderbeck7i@ameblo.jp,Male,114.238.40.243,PO Box 24947
272,Eberto,Pyner,epyner7j@ucsd.edu,Male,241.144.208.35,PO Box 7829
273,Petra,Sappell,psappell7k@hao123.com,Female,1.213.109.206,11th Floor
274,Franciska,Elton,felton7l@hibu.com,Female,85.168.201.50,Apt 842
275,Orsola,Witherow,owitherow7m@soundcloud.com,Female,216.67.241.249,Suite 97
276,Fraser,Conaboy,fconaboy7n@sbwire.com,Male,116.1.59.90,3rd Floor
277,Petronilla,Courage,pcourage7o@vimeo.com,Female,134.81.63.196,PO Box 35841
278,Sondra,Leneham,sleneham7p@123-reg.co.uk,Female,151.43.195.248,Apt 157
279,Mose,Greatbatch,mgreatbatch7q@1688.com,Genderfluid,50.28.141.147,19th Floor
280,Joanne,Comins,jcomins7r@wikimedia.org,Female,234.68.156.248,Room 146
281,Stacy,Knapman,sknapman7s@gizmodo.com,Male,5.174.208.29,6th Floor
282,Norman,Eatttok,neatttok7t@mail.ru,Male,189.109.40.3,Suite 54
283,Augusto,Freckelton,afreckelton7u@gmpg.org,Male,19.42.49.100,8th Floor
284,Wells,Gentzsch,wgentzsch7v@istockphoto.com,Male,4.120.59.17,Room 556
285,Ric,de Vaen,rdevaen7w@clickbank.net,Male,91.142.27.17,Suite 18
286,Zeb,Hanvey,zhanvey7x@tamu.edu,Male,173.91.103.114,Suite 85
287,Phylys,Savile,psavile7y@uiuc.edu,Female,31.112.192.224,Suite 77
288,Cedric,Oxherd,coxherd7z@networkadvertising.org,Male,108.204.118.103,PO Box 59038
289,Bobbye,Zoppie,bzoppie80@diigo.com,Female,144.59.253.73,Suite 1
290,Becky,Eynald,beynald81@geocities.com,Genderfluid,48.89.12.109,Apt 659
291,Hadrian,MacDermott,hmacdermott82@gmpg.org,Male,242.80.54.162,20th Floor
292,Debor,Orbon,dorbon83@scientificamerican.com,Female,5.148.25.240,PO Box 48909
293,Brianna,Yeoman,byeoman84@bigcartel.com,Female,46.185.205.95,Room 1889
294,Marv,Bass,mbass85@toplist.cz,Male,197.20.223.211,12th Floor
295,Timmi,Dell 'Orto,tdellorto86@utexas.edu,Female,245.127.112.240,Apt 727
296,Karen,Dalgarnocht,kdalgarnocht87@examiner.com,Female,116.249.105.168,6th Floor
297,Dion,Mirando,dmirando88@unblog.fr,Male,224.129.117.117,PO Box 47808
298,Goraud,Riping,griping89@digg.com,Male,185.22.151.109,3rd Floor
299,Gillie,Emsley,gemsley8a@dedecms.com,Female,227.75.68.171,Apt 1138
300,Alexandrina,Maxsted,amaxsted8b@japanpost.jp,Female,1.226.160.83,Apt 335
301,Abeu,Stovold,astovold8c@ameblo.jp,Male,255.99.84.230,Suite 9
302,Lisetta,Golledge,lgolledge8d@theatlantic.com,Female,176.167.142.199,PO Box 49081
303,Benyamin,Tailby,btailby8e@indiatimes.com,Male,85.23.95.95,Apt 1634
304,Harriot,Joll,hjoll8f@mozilla.org,Female,157.212.75.198,5th Floor
305,Selena,Spilsbury,sspilsbury8g@home.pl,Female,145.121.196.193,Apt 580
306,Aline,Hesey,ahesey8h@cloudflare.com,Female,149.69.97.44,Suite 93
307,Brena,Bynold,bbynold8i@pen.io,Female,81.163.20.192,12th Floor
308,Sherry,Elfitt,selfitt8j@noaa.gov,Female,174.127.136.65,Room 1832
309,Cleveland,Kindleysides,ckindleysides8k@freewebs.com,Male,6.133.73.135,Room 902
310,Jason,Threadgill,jthreadgill8l@nydailynews.com,Male,255.162.203.249,PO Box 71973
311,Charil,Selwin,cselwin8m@salon.com,Genderfluid,238.60.234.54,Suite 98
312,Evy,Mingard,emingard8n@homestead.com,Female,174.104.112.222,Suite 4
313,Betsey,Flecknoe,bflecknoe8o@spotify.com,Female,157.37.169.141,Room 231
314,Valeria,Darlington,vdarlington8p@xrea.com,Female,56.201.111.143,6th Floor
315,Randy,Grabb,rgrabb8q@skype.com,Female,35.205.142.140,Apt 1799
316,Felicia,Dempsey,fdempsey8r@digg.com,Female,95.252.0.168,Suite 86
317,Barbi,Pipping,bpipping8s@oakley.com,Female,105.172.73.49,Room 1539
318,Traci,Yaknov,tyaknov8t@twitter.com,Non-binary,244.220.212.118,15th Floor
319,Rica,Holbarrow,rholbarrow8u@mac.com,Female,204.92.84.183,1st Floor
320,Nestor,Kobierzycki,nkobierzycki8v@google.pl,Male,185.249.160.1,Room 490
321,Georgeanna,Jeram,gjeram8w@goo.ne.jp,Female,125.167.58.189,Apt 1385
322,Eldridge,Ashleigh,eashleigh8x@wired.com,Male,177.99.168.148,Suite 43
323,Lonnard,Rawet,lrawet8y@techcrunch.com,Male,247.218.161.6,Suite 26
324,Alexa,Renault,arenault8z@dmoz.org,Female,200.225.9.212,PO Box 7184
325,Craggie,McKeighen,cmckeighen90@ihg.com,Male,109.94.87.77,PO Box 83526
326,Vite,Daulton,vdaulton91@bloomberg.com,Male,233.79.55.240,Apt 1451
327,Kinnie,Van den Velden,kvandenvelden92@delicious.com,Male,199.195.214.120,Room 604
328,Killy,Prando,kprando93@pen.io,Male,179.178.211.156,Apt 436
329,Judye,Santacrole,jsantacrole94@jugem.jp,Female,193.154.97.240,13th Floor
330,Petey,Abden,pabden95@a8.net,Male,60.126.1.26,1st Floor
331,Micki,Borkett,mborkett96@wsj.com,Polygender,169.109.190.5,PO Box 71231
332,Jeremie,Klulisek,jklulisek97@chron.com,Male,11.35.7.211,16th Floor
333,Rudiger,Wolfart,rwolfart98@mit.edu,Male,14.169.126.141,PO Box 94464
334,Katti,Paddick,kpaddick99@elpais.com,Agender,170.15.249.212,2nd Floor
335,Hershel,McTerlagh,hmcterlagh9a@squidoo.com,Male,68.35.244.184,Room 1201
336,Fabe,Greenmon,fgreenmon9b@constantcontact.com,Male,73.102.147.108,PO Box 11026
337,Kaleb,Dallemore,kdallemore9c@adobe.com,Male,205.240.16.207,Apt 109
338,Rolf,Norquoy,rnorquoy9d@netlog.com,Male,175.219.57.77,Apt 492
339,Sylvan,Napolione,snapolione9e@indiatimes.com,Male,61.113.87.43,Apt 27
340,Jolie,Lemonnier,jlemonnier9f@jimdo.com,Female,7.152.189.61,PO Box 25378
341,Davon,Holleran,dholleran9g@t.co,Male,136.74.20.70,PO Box 74518
342,Ariadne,Gravey,agravey9h@twitter.com,Female,35.108.200.122,PO Box 52321
343,Bald,Mawson,bmawson9i@mozilla.org,Male,73.190.97.37,Suite 34
344,Mag,Bladge,mbladge9j@harvard.edu,Female,20.133.190.231,Room 982
345,Terry,Clampe,tclampe9k@bbb.org,Genderqueer,173.91.198.222,Apt 324
346,Elinore,Pestricke,epestricke9l@simplemachines.org,Non-binary,114.190.108.67,Apt 574
347,Jerald,Lucken,jlucken9m@webmd.com,Male,4.200.211.140,Suite 34
348,Lishe,Goodere,lgoodere9n@cdc.gov,Female,3.18.85.124,Suite 55
349,Jone,Le Galle,jlegalle9o@unesco.org,Male,141.54.86.193,Suite 90
350,Dexter,Rudyard,drudyard9p@jalbum.net,Male,123.27.106.16,18th Floor
351,Alberik,Scrancher,ascrancher9q@hatena.ne.jp,Male,201.146.61.48,Room 906
352,Alastair,Faldo,afaldo9r@ucsd.edu,Male,13.105.197.113,Suite 31
353,Reed,Adao,radao9s@mapy.cz,Male,62.68.97.43,PO Box 1431
354,Carolan,Meegan,cmeegan9t@seesaa.net,Genderfluid,242.130.238.47,PO Box 3549
355,Quent,Killford,qkillford9u@over-blog.com,Genderqueer,137.221.171.6,Room 496
356,Eugene,Monshall,emonshall9v@sfgate.com,Male,48.92.219.2,Room 511
357,Niki,Fellow,nfellow9w@behance.net,Female,66.166.158.44,PO Box 67862
358,Torr,Ruggieri,truggieri9x@posterous.com,Male,168.176.172.71,Apt 1680
359,Grantham,Stickells,gstickells9y@flickr.com,Male,100.107.133.157,PO Box 23214
360,Eldin,Delort,edelort9z@huffingtonpost.com,Male,115.20.133.211,Suite 51
361,Robby,Moughton,rmoughtona0@kickstarter.com,Male,49.74.174.139,Suite 38
362,Jerrilyn,Jereatt,jjereatta1@weibo.com,Female,236.122.67.33,5th Floor
363,Leeanne,Frapwell,lfrapwella2@cnn.com,Female,134.65.68.226,Room 1481
364,Inger,Macveigh,imacveigha3@merriam-webster.com,Male,245.0.40.250,PO Box 27326
365,Nicolais,Kinghorn,nkinghorna4@51.la,Male,78.102.133.114,17th Floor
366,Alanson,Schwanden,aschwandena5@desdev.cn,Male,24.222.43.112,Apt 3
367,Sela,Verrick,sverricka6@yahoo.co.jp,Female,251.195.20.112,Room 1668
368,Fremont,Eastup,feastupa7@sciencedirect.com,Male,171.213.93.201,Apt 1611
369,Kathe,Mewe,kmewea8@fema.gov,Female,83.38.4.204,Room 897
370,Forrest,Sommers,fsommersa9@infoseek.co.jp,Male,51.8.170.93,PO Box 83687
371,Gun,Andell,gandellaa@sbwire.com,Male,73.18.130.3,Room 628
372,Fionnula,Simonitto,fsimonittoab@wunderground.com,Genderfluid,205.17.162.64,Room 1103
373,Roosevelt,Witton,rwittonac@google.ru,Male,169.169.209.217,Suite 75
374,Nadia,Juza,njuzaad@go.com,Female,97.32.182.145,Suite 71
375,Geralda,Caldecutt,gcaldecuttae@mail.ru,Female,76.83.42.92,Suite 17
376,Anson,Goggen,agoggenaf@yale.edu,Male,168.112.140.164,12th Floor
377,Gwenny,Binney,gbinneyag@ucoz.ru,Non-binary,156.135.111.235,Apt 222
378,Raffaello,Feasey,rfeaseyah@boston.com,Male,33.51.151.229,PO Box 60094
379,Tab,Craker,tcrakerai@latimes.com,Male,64.232.5.126,Suite 28
380,Keir,Maggiori,kmaggioriaj@nifty.com,Male,201.213.1.91,PO Box 42338
381,Rowney,Beglin,rbeglinak@pcworld.com,Male,128.111.134.232,Room 599
382,Margarete,Carbry,mcarbryal@psu.edu,Female,76.137.132.235,Room 1464
383,Everett,Agent,eagentam@exblog.jp,Male,74.245.66.42,Suite 15
384,Daphene,Evison,devisonan@bandcamp.com,Female,88.85.83.45,Apt 1850
385,Madella,Jack,mjackao@craigslist.org,Female,246.160.244.143,Apt 109
386,Ethelin,Pachta,epachtaap@imdb.com,Female,67.109.27.51,Suite 97
387,Cliff,Petri,cpetriaq@cloudflare.com,Male,166.62.172.117,PO Box 38976
388,Kennith,Jimpson,kjimpsonar@adobe.com,Male,183.111.246.170,4th Floor
389,Bamby,Ethington,bethingtonas@forbes.com,Female,63.235.128.160,Room 1405
390,Silva,Robjant,srobjantat@vimeo.com,Female,236.55.114.199,7th Floor
391,Ronnica,Branscomb,rbranscombau@cnn.com,Female,43.118.24.105,Room 1993
392,Onofredo,Axup,oaxupav@theglobeandmail.com,Male,125.172.100.190,Apt 1400
393,Jillana,Handaside,jhandasideaw@psu.edu,Female,93.123.184.128,7th Floor
394,Meier,Roscam,mroscamax@accuweather.com,Male,3.35.204.195,Room 278
395,Adorne,Strickett,astrickettay@tumblr.com,Female,43.78.109.182,PO Box 50912
396,Waldon,Gwilym,wgwilymaz@slashdot.org,Male,31.75.119.162,Apt 388
397,Filip,Gepheart,fgepheartb0@usnews.com,Male,87.53.218.70,Suite 21
398,Bell,Silber,bsilberb1@mashable.com,Female,34.91.208.189,Room 1684
399,Corliss,Taylo,ctaylob2@seesaa.net,Female,131.209.67.150,Room 1235
400,Gillan,Alibone,galiboneb3@ucla.edu,Female,221.197.22.228,Room 204
401,Abramo,Pevie,apevieb4@cocolog-nifty.com,Male,74.146.37.195,PO Box 9524
402,Devin,Brim,dbrimb5@woothemes.com,Male,158.172.178.251,PO Box 49307
403,Trever,Plumb,tplumbb6@sciencedaily.com,Male,42.39.17.154,Room 1342
404,Kala,Ghelerdini,kghelerdinib7@typepad.com,Female,242.136.96.223,Suite 93
405,Orly,Leinweber,oleinweberb8@apple.com,Female,126.208.10.127,PO Box 76786
406,Ganny,Dudeney,gdudeneyb9@1688.com,Male,143.209.16.3,PO Box 2059
407,Camellia,Afonso,cafonsoba@yellowpages.com,Non-binary,248.227.92.11,Suite 80
408,Isidore,Ambrus,iambrusbb@blogger.com,Male,192.168.217.77,Room 1232
409,Karrah,Fortnum,kfortnumbc@adobe.com,Female,215.219.132.58,Suite 14
410,Emelita,Kaley,ekaleybd@blog.com,Female,2.22.123.163,Room 417
411,Luciano,Blaszczak,lblaszczakbe@multiply.com,Male,198.48.104.104,Suite 49
412,Martyn,Crosby,mcrosbybf@youtube.com,Male,155.164.94.1,PO Box 33753
413,Tricia,Emlyn,temlynbg@hexun.com,Female,132.81.170.45,PO Box 58031
414,Jayne,Pullman,jpullmanbh@oakley.com,Female,26.176.39.210,Apt 1377
415,Barrett,Charkham,bcharkhambi@unc.edu,Male,11.182.121.254,10th Floor
416,Tawnya,Claffey,tclaffeybj@marketwatch.com,Non-binary,97.219.228.19,Room 1039
417,Cosme,Byrth,cbyrthbk@usatoday.com,Male,179.23.175.209,Suite 41
418,Gilberto,Braven,gbravenbl@ow.ly,Male,100.86.126.115,Apt 1201
419,Louie,Delatour,ldelatourbm@bloglovin.com,Male,177.247.253.6,Room 1640
420,Ilse,Tree,itreebn@si.edu,Female,251.107.202.106,Apt 949
421,Brandi,Yakuntzov,byakuntzovbo@wordpress.com,Female,90.53.205.242,4th Floor
422,Daphna,Mattke,dmattkebp@economist.com,Female,54.210.4.88,PO Box 58635
423,Evelyn,Pilmer,epilmerbq@tumblr.com,Male,219.29.117.103,Apt 959
424,Carleton,Orris,corrisbr@list-manage.com,Male,32.52.66.146,5th Floor
425,Florette,Govier,fgovierbs@sphinn.com,Polygender,182.244.167.115,2nd Floor
426,Meagan,Geely,mgeelybt@washingtonpost.com,Female,12.107.104.243,PO Box 58598
427,Adel,Scudder,ascudderbu@angelfire.com,Female,130.201.148.71,8th Floor
428,Gretal,Carder,gcarderbv@dyndns.org,Female,130.141.18.165,Room 44
429,Hilary,Lissimore,hlissimorebw@google.com.au,Male,76.154.245.217,Suite 78
430,Andeee,Boxen,aboxenbx@loc.gov,Female,60.112.189.237,Apt 1066
431,Xerxes,Wescott,xwescottby@usa.gov,Male,15.29.126.76,Apt 200
432,Cliff,Worthington,cworthingtonbz@usatoday.com,Male,49.169.38.249,Suite 94
433,Indira,Appleyard,iappleyardc0@hexun.com,Female,143.67.189.203,8th Floor
434,Marietta,Baldock,mbaldockc1@alibaba.com,Male,182.125.199.169,Suite 3
435,Les,Judkins,ljudkinsc2@networksolutions.com,Male,178.22.144.4,Suite 57
436,Maynord,Windross,mwindrossc3@stanford.edu,Male,229.17.171.78,17th Floor
437,Alva,Cranstoun,acranstounc4@rediff.com,Male,84.140.254.160,Apt 361
438,Petrina,Mc Trusty,pmctrustyc5@goodreads.com,Female,146.146.32.235,Apt 762
439,Moe,Dimnage,mdimnagec6@microsoft.com,Male,36.80.79.53,Room 1363
440,Brett,Cearley,bcearleyc7@studiopress.com,Female,183.33.159.241,Apt 1857
441,Marena,Hebditch,mhebditchc8@nyu.edu,Genderfluid,241.181.9.217,14th Floor
442,Siegfried,Hiddsley,shiddsleyc9@bravesites.com,Male,156.243.16.255,Apt 1824
443,Ashly,Parram,aparramca@cnbc.com,Female,179.18.131.85,Room 1847
444,Agnesse,Kuhnke,akuhnkecb@stanford.edu,Female,9.142.70.89,Apt 478
445,Brunhilda,Branford,bbranfordcc@mac.com,Agender,95.0.37.128,Apt 390
446,Merrick,Landon,mlandoncd@accuweather.com,Male,85.16.255.176,Room 1225
447,Donny,Ccomini,dccominice@spiegel.de,Female,121.255.96.13,5th Floor
448,Any,Kimmel,akimmelcf@senate.gov,Male,44.51.122.143,PO Box 9504
449,Abel,Myrtle,amyrtlecg@opera.com,Male,222.175.233.31,15th Floor
450,Spense,Pindell,spindellch@merriam-webster.com,Male,28.40.159.152,Apt 373
451,Sky,Eudall,seudallci@cbsnews.com,Male,225.225.19.42,Apt 641
452,Rowland,Severns,rsevernscj@samsung.com,Male,39.108.19.102,Room 1265
453,Sol,Paulino,spaulinock@istockphoto.com,Male,21.26.159.234,Suite 26
454,Connor,Sones,csonescl@disqus.com,Male,34.155.121.10,Apt 1458
455,Juliana,Neesam,jneesamcm@aboutads.info,Female,186.245.155.93,PO Box 20589
456,Devin,Fellgatt,dfellgattcn@printfriendly.com,Female,227.239.109.9,Apt 655
457,Josiah,Drees,jdreesco@sitemeter.com,Male,232.203.121.69,Apt 849
458,Rosemarie,Lanon,rlanoncp@sitemeter.com,Female,206.18.11.245,PO Box 21231
459,Holt,Gauvin,hgauvincq@behance.net,Male,73.102.141.131,Suite 60
460,Mata,Ruckert,mruckertcr@wired.com,Male,201.201.178.137,Suite 76
461,Josi,Mewrcik,jmewrcikcs@shareasale.com,Female,207.181.1.221,Apt 1258
462,Wayne,Skipping,wskippingct@admin.ch,Male,189.122.242.76,Suite 93
463,Paulie,Carter,pcartercu@skype.com,Male,98.209.157.47,Room 239
464,Norina,Eaglen,neaglencv@networksolutions.com,Female,41.108.123.114,Apt 1450
465,Anet,Dudeney,adudeneycw@angelfire.com,Female,201.212.124.223,Apt 276
466,Zelda,Simonaitis,zsimonaitiscx@fc2.com,Female,15.202.203.154,Suite 51
467,Ed,Jeens,ejeenscy@ow.ly,Male,229.106.227.139,Room 1702
468,Mariana,Marcone,mmarconecz@europa.eu,Female,143.61.167.192,Room 1105
469,My,Inkster,minksterd0@wikimedia.org,Male,27.65.205.160,Suite 62
470,Brok,Forty,bfortyd1@cornell.edu,Male,105.143.137.104,19th Floor
471,Markus,McGeown,mmcgeownd2@lulu.com,Male,231.137.234.11,PO Box 41354
472,Cornell,Durban,cdurband3@networkadvertising.org,Male,173.41.6.11,16th Floor
473,Carly,Bewlie,cbewlied4@berkeley.edu,Male,193.23.18.23,Apt 552
474,Lezley,Jaimez,ljaimezd5@kickstarter.com,Male,135.201.248.134,Suite 58
475,Aveline,Merigeau,amerigeaud6@dagondesign.com,Female,242.151.209.47,12th Floor
476,Siward,Lyfield,slyfieldd7@google.ca,Male,16.219.18.167,15th Floor
477,Miriam,Osgar,mosgard8@oakley.com,Female,153.102.32.63,Room 1297
478,Belvia,Sibthorpe,bsibthorped9@tuttocitta.it,Bigender,97.72.52.242,Apt 1107
479,Ula,Cheales,uchealesda@hatena.ne.jp,Female,8.164.184.78,Room 1357
480,Martguerita,Kunkler,mkunklerdb@feedburner.com,Female,211.245.36.41,Suite 86
481,Chandler,Anchor,canchordc@biglobe.ne.jp,Male,152.239.207.246,Suite 82
482,Arte,Iggulden,aigguldendd@unicef.org,Male,74.104.51.89,Apt 454
483,Caroline,Maggs,cmaggsde@dot.gov,Female,75.230.111.21,Suite 25
484,Arnaldo,Kidney,akidneydf@privacy.gov.au,Male,126.166.137.131,Suite 62
485,Darwin,Houndson,dhoundsondg@amazonaws.com,Male,175.224.197.118,Room 1437
486,Drusy,Haberfield,dhaberfielddh@blog.com,Female,191.13.171.190,Apt 29
487,Filbert,Christofol,fchristofoldi@forbes.com,Male,135.58.205.157,Room 268
488,Querida,Haydon,qhaydondj@github.io,Female,75.153.138.53,Apt 111
489,Brande,Trigwell,btrigwelldk@amazon.co.jp,Female,10.31.13.39,Room 340
490,Gregor,Schwaiger,gschwaigerdl@dion.ne.jp,Male,93.151.113.183,Suite 52
491,Brittaney,Grishukhin,bgrishukhindm@parallels.com,Female,29.226.88.183,Room 694
492,Edik,Winsome,ewinsomedn@myspace.com,Male,18.37.77.89,Suite 68
493,Biron,Gorst,bgorstdo@flavors.me,Male,27.59.29.15,Room 866
494,Man,Castle,mcastledp@barnesandnoble.com,Male,72.35.17.97,Room 1201
495,Cicely,Kollach,ckollachdq@hhs.gov,Female,173.176.203.248,Room 1998
496,Arv,Bellwood,abellwooddr@cdbaby.com,Male,138.129.127.236,7th Floor
497,Helsa,Vasyagin,hvasyaginds@devhub.com,Female,18.164.93.14,4th Floor
498,Stanly,Prodrick,sprodrickdt@wikispaces.com,Male,64.125.70.221,Room 1264
499,Ernesto,Boddington,eboddingtondu@time.com,Male,94.23.1.44,1st Floor
500,Gasparo,Riccetti,griccettidv@bravesites.com,Male,221.119.148.41,Room 1831
501,Sheryl,Gomm,sgommdw@networksolutions.com,Female,50.201.210.137,Apt 1052
502,Dottie,Ackerley,dackerleydx@yahoo.com,Female,101.176.252.202,Suite 77
503,Merl,Cerie,mceriedy@army.mil,Female,150.236.214.34,PO Box 27868
504,Shanan,Muston,smustondz@yellowpages.com,Male,186.148.224.68,Room 96
505,Benedict,Hagan,bhagane0@princeton.edu,Male,147.158.70.212,Apt 67
506,Torry,Cothey,tcotheye1@vimeo.com,Male,11.147.60.53,Apt 1368
507,Mathian,Scocroft,mscocrofte2@cdc.gov,Male,173.38.191.120,8th Floor
508,Link,Giacopetti,lgiacopettie3@google.fr,Male,205.227.31.112,Apt 266
509,Bryon,Leggis,bleggise4@kickstarter.com,Male,138.197.115.105,Apt 1555
510,Aurore,Logsdail,alogsdaile5@digg.com,Female,104.184.176.243,Room 206
511,Ron,Nobbs,rnobbse6@sciencedaily.com,Male,55.86.152.194,Room 1562
512,Ashley,Foskett,afoskette7@theguardian.com,Female,56.54.151.238,Suite 42
513,Klement,Molen,kmolene8@ucsd.edu,Male,5.58.234.156,20th Floor
514,Zebulen,Dobbin,zdobbine9@creativecommons.org,Male,122.164.195.201,Room 617
515,Curtis,Hedingham,chedinghamea@quantcast.com,Male,54.138.121.49,Room 574
516,Jefferey,Carvil,jcarvileb@cyberchimps.com,Male,58.42.169.206,20th Floor
517,Ann-marie,Alexandersson,aalexanderssonec@yellowbook.com,Female,33.92.190.51,Room 489
518,Ingunna,Neasham,ineashamed@hatena.ne.jp,Female,24.172.24.220,Apt 1339
519,Willy,Ilyinski,wilyinskiee@list-manage.com,Male,104.108.35.72,Room 1854
520,Lindsay,Murr,lmurref@webeden.co.uk,Female,132.38.42.101,Apt 698
521,Drud,Pilcher,dpilchereg@printfriendly.com,Male,41.0.71.161,Apt 1365
522,Kiley,Twelvetree,ktwelvetreeeh@php.net,Male,22.248.181.154,PO Box 27978
523,Gustaf,Feak,gfeakei@telegraph.co.uk,Male,9.207.181.56,Room 799
524,Shoshana,Dackombe,sdackombeej@wikispaces.com,Female,112.150.228.138,PO Box 18904
525,Saxon,Waring,swaringek@deviantart.com,Male,227.197.180.103,Room 268
526,Shelba,Legges,sleggesel@youku.com,Genderqueer,185.21.64.41,6th Floor
527,Riki,Dublin,rdublinem@mail.ru,Female,230.204.20.117,Room 1696
528,Clerissa,Stallon,cstallonen@princeton.edu,Female,105.8.2.109,PO Box 85668
529,Cordula,Bush,cbusheo@edublogs.org,Female,152.201.56.53,Apt 1380
530,Egbert,Milland,emillandep@symantec.com,Male,0.135.2.112,Apt 135
531,Elke,Gorey,egoreyeq@stanford.edu,Female,1.161.242.2,Apt 69
532,Staffard,Cordingly,scordinglyer@dropbox.com,Male,39.211.101.21,PO Box 94303
533,Mikey,Fairhall,mfairhalles@eventbrite.com,Male,102.102.8.206,Room 1077
534,Guthry,Butner,gbutneret@gnu.org,Male,235.242.204.188,Apt 1555
535,Corrianne,Aloshkin,caloshkineu@mashable.com,Female,179.46.7.100,20th Floor
536,Bordie,Twentyman,btwentymanev@reverbnation.com,Male,187.101.132.156,Room 439
537,Denys,Lavin,dlavinew@vinaora.com,Female,154.130.206.88,7th Floor
538,Felice,Phizackerly,fphizackerlyex@google.ca,Female,105.183.238.103,Room 1071
539,Franky,Corthes,fcorthesey@mapy.cz,Female,8.60.105.63,Room 1293
540,Ruthi,O'Sullivan,rosullivanez@people.com.cn,Female,252.100.163.71,Room 1622
541,Paulie,Weekley,pweekleyf0@stumbleupon.com,Male,234.114.219.76,Room 231
542,Alvin,Pirrie,apirrief1@comcast.net,Male,64.101.104.138,Suite 67
543,Padriac,Cameli,pcamelif2@wikipedia.org,Male,167.192.61.167,Apt 1842
544,Julie,Snasdell,jsnasdellf3@archive.org,Bigender,28.99.159.202,9th Floor
545,Berget,Birkwood,bbirkwoodf4@nba.com,Female,52.187.35.58,Apt 582
546,Albie,Jestico,ajesticof5@g.co,Male,193.51.236.52,PO Box 70796
547,Madlin,Jaeggi,mjaeggif6@wunderground.com,Female,251.102.96.58,Apt 1536
548,Ardyth,Kaesmakers,akaesmakersf7@bbc.co.uk,Female,139.211.185.37,16th Floor
549,Niel,Cohane,ncohanef8@java.com,Male,38.103.87.202,Suite 52
550,Tiebout,Atack,tatackf9@cdc.gov,Male,48.252.55.184,Suite 88
551,Chrissy,Stewartson,cstewartsonfa@joomla.org,Male,190.51.71.153,Suite 68
552,Kally,Pawlowicz,kpawlowiczfb@altervista.org,Female,97.37.74.58,PO Box 91766
553,Zita,Ivashinnikov,zivashinnikovfc@pinterest.com,Female,229.235.66.143,Apt 1296
554,Rafaelia,Faircloth,rfairclothfd@hao123.com,Female,232.15.27.160,5th Floor
555,Ursula,Deighan,udeighanfe@earthlink.net,Female,188.166.155.238,Apt 845
556,Rod,Tibbits,rtibbitsff@rambler.ru,Genderfluid,214.226.1.46,Room 962
557,Brooke,Burbury,bburburyfg@hibu.com,Male,58.83.237.214,Apt 1334
558,Ailee,Bagniuk,abagniukfh@cdc.gov,Female,1.242.168.2,5th Floor
559,Helenelizabeth,Manning,hmanningfi@google.co.uk,Female,77.120.166.82,PO Box 73320
560,Iver,Wolstencroft,iwolstencroftfj@sakura.ne.jp,Male,178.95.131.204,PO Box 23490
561,Byrom,Blenkinsopp,bblenkinsoppfk@europa.eu,Male,151.236.107.137,Room 1001
562,Cly,Geraldi,cgeraldifl@t-online.de,Male,140.233.189.154,Room 1097
563,Renae,Seamen,rseamenfm@ovh.net,Female,191.144.226.117,Apt 518
564,Morna,Samuels,msamuelsfn@xrea.com,Female,223.247.10.214,Room 1110
565,Petrina,Axup,paxupfo@latimes.com,Female,239.67.152.86,Room 552
566,Wenda,Taffley,wtaffleyfp@hatena.ne.jp,Female,221.237.78.37,15th Floor
567,Carey,De Meis,cdemeisfq@apache.org,Genderqueer,144.124.249.198,Room 566
568,Jade,Weitzel,jweitzelfr@nps.gov,Female,208.75.113.236,Room 972
569,Mame,Argyle,margylefs@tamu.edu,Female,117.158.97.192,Room 698
570,Angelico,Curzon,acurzonft@dyndns.org,Male,130.133.117.206,PO Box 15011
571,Georgie,Magnay,gmagnayfu@wunderground.com,Female,117.215.13.36,Room 1395
572,Arv,Duthie,aduthiefv@oaic.gov.au,Male,236.184.212.87,6th Floor
573,Cherin,Woollett,cwoollettfw@wordpress.org,Female,119.91.140.100,PO Box 23755
574,Brana,Francey,bfranceyfx@weibo.com,Female,43.182.211.121,Apt 1904
575,Dorice,Lackie,dlackiefy@freewebs.com,Female,9.248.71.176,PO Box 52852
576,Giles,Haining,ghainingfz@istockphoto.com,Male,247.154.105.0,Suite 87
577,Andy,Ebunoluwa,aebunoluwag0@salon.com,Female,239.45.166.129,PO Box 1084
578,Andee,Selwyne,aselwyneg1@simplemachines.org,Agender,171.43.60.10,Suite 46
579,Judah,Jannasch,jjannaschg2@ibm.com,Male,21.164.248.57,Room 1376
580,Flem,Carass,fcarassg3@usda.gov,Male,171.139.224.30,PO Box 10917
581,Stearn,Playden,splaydeng4@techcrunch.com,Male,83.170.114.86,PO Box 8181
582,Ansley,Bartusek,abartusekg5@google.cn,Female,182.194.70.161,PO Box 20574
583,Maible,Janzen,mjanzeng6@eventbrite.com,Female,179.28.224.17,Room 1482
584,Gualterio,Filipyev,gfilipyevg7@aboutads.info,Male,126.221.40.216,Suite 8
585,Alika,Yeoman,ayeomang8@latimes.com,Female,237.153.233.248,5th Floor
586,Ysabel,Dackombe,ydackombeg9@geocities.jp,Female,38.51.30.217,Apt 1961
587,Cal,Carrel,ccarrelga@sina.com.cn,Male,125.111.159.221,10th Floor
588,Rolland,Parmer,rparmergb@google.cn,Male,18.138.161.180,Room 1928
589,Shawn,Sterman,sstermangc@timesonline.co.uk,Male,90.5.53.92,Suite 7
590,Hadrian,Petera,hpeteragd@blogger.com,Male,175.102.151.230,Suite 81
591,Rora,Gillbanks,rgillbanksge@theguardian.com,Female,148.83.31.176,18th Floor
592,Luce,Cicchetto,lcicchettogf@ftc.gov,Female,120.31.218.66,Suite 13
593,Siusan,Perulli,sperulligg@dedecms.com,Female,87.45.224.3,17th Floor
594,Xaviera,Hurring,xhurringgh@yahoo.com,Female,159.128.0.247,Room 735
595,Werner,Mintram,wmintramgi@myspace.com,Male,251.74.196.226,Suite 5
596,Rebekah,Cuseck,rcuseckgj@dell.com,Female,40.100.247.152,Suite 19
597,Willi,Huxtable,whuxtablegk@quantcast.com,Female,40.209.29.130,15th Floor
598,Jeremias,Jullian,jjulliangl@github.com,Male,192.245.223.180,Suite 96
599,Devlen,Ide,didegm@google.ru,Male,213.49.209.146,Apt 1643
600,Lotte,Skeats,lskeatsgn@marriott.com,Polygender,249.232.21.188,PO Box 15530
601,Alaric,Kell,akellgo@simplemachines.org,Male,190.148.51.112,PO Box 95539
602,Tait,Jex,tjexgp@examiner.com,Male,32.234.32.201,Room 327
603,Tab,O' Mullan,tomullangq@redcross.org,Male,11.50.121.14,Apt 208
604,Maegan,Whapham,mwhaphamgr@facebook.com,Female,138.93.255.177,6th Floor
605,Bonita,Winslade,bwinsladegs@qq.com,Female,28.161.157.35,Room 1881
606,Lucia,Ilson,lilsongt@nifty.com,Female,226.197.116.16,1st Floor
607,Jacklyn,Dressell,jdressellgu@wikimedia.org,Female,64.124.156.81,Suite 52
608,Corbet,Marran,cmarrangv@wunderground.com,Male,230.205.106.58,19th Floor
609,Bayard,Skoof,bskoofgw@miitbeian.gov.cn,Male,249.57.21.50,PO Box 65377
610,Ofilia,Antonietti,oantoniettigx@goo.gl,Female,68.6.228.155,Room 188
611,Charlean,Keyden,ckeydengy@auda.org.au,Female,67.39.77.151,PO Box 15251
612,Fania,Dowty,fdowtygz@diigo.com,Female,172.0.69.149,Suite 83
613,Gabriellia,Keepe,gkeepeh0@independent.co.uk,Female,110.205.177.228,Apt 625
614,See,Boulder,sboulderh1@free.fr,Male,175.118.133.73,Suite 23
615,Megan,Millom,mmillomh2@yahoo.com,Female,149.188.70.225,16th Floor
616,Bank,Philipot,bphilipoth3@harvard.edu,Male,230.185.171.114,8th Floor
617,Frazier,Starzaker,fstarzakerh4@bbc.co.uk,Male,50.65.162.107,Suite 74
618,Lezley,Duckham,lduckhamh5@theatlantic.com,Male,160.91.174.136,Apt 1964
619,Aurilia,Hachette,ahachetteh6@creativecommons.org,Female,112.188.20.100,PO Box 32358
620,Jorgan,Hutcheon,jhutcheonh7@e-recht24.de,Male,88.93.0.154,Apt 1393
621,Hanson,Borsay,hborsayh8@ucla.edu,Male,16.200.217.194,PO Box 9815
622,Devi,Biasioli,dbiasiolih9@nationalgeographic.com,Non-binary,69.55.218.221,Room 342
623,Otha,Blythe,oblytheha@mapy.cz,Female,7.177.97.141,PO Box 33157
624,Nero,Muzzi,nmuzzihb@nationalgeographic.com,Bigender,56.216.36.200,Apt 1151
625,Clemmy,Dinsmore,cdinsmorehc@themeforest.net,Female,115.56.66.196,Apt 1251
626,Jonathan,Nertney,jnertneyhd@digg.com,Male,218.118.77.187,Suite 27
627,Kile,Dodwell,kdodwellhe@tmall.com,Male,9.64.137.134,Room 1036
628,Eugenius,Auletta,eaulettahf@sourceforge.net,Male,206.91.235.163,Room 1931
629,Chrysa,Frake,cfrakehg@chron.com,Female,55.105.107.157,Suite 27
630,Kyle,Nulty,knultyhh@taobao.com,Female,17.52.6.239,11th Floor
631,Noll,Belk,nbelkhi@printfriendly.com,Male,14.205.144.60,Apt 986
632,Shepard,Coppledike,scoppledikehj@zdnet.com,Male,228.233.227.7,Room 1227
633,Reinold,Polk,rpolkhk@upenn.edu,Male,187.141.99.211,12th Floor
634,Caddric,Duferie,cduferiehl@photobucket.com,Genderfluid,108.150.27.217,PO Box 19313
635,Nap,Flockhart,nflockharthm@youtu.be,Male,13.63.161.243,Room 953
636,Zackariah,Wyett,zwyetthn@chronoengine.com,Male,93.199.219.206,PO Box 40386
637,Aimee,Keeble,akeebleho@vistaprint.com,Female,156.76.95.80,PO Box 36044
638,Waylen,Marques,wmarqueshp@mtv.com,Male,133.178.230.178,Suite 57
639,Annamaria,Odams,aodamshq@drupal.org,Female,153.127.135.54,Apt 1073
640,Zechariah,Stollmeyer,zstollmeyerhr@php.net,Male,194.110.4.201,8th Floor
641,Trina,Maybery,tmayberyhs@wikia.com,Female,27.102.200.31,Room 1357
642,Brent,Ayce,bayceht@nydailynews.com,Male,252.121.208.29,Suite 7
643,Darnell,McQuorkel,dmcquorkelhu@vistaprint.com,Male,255.167.125.50,3rd Floor
644,Imojean,Placidi,iplacidihv@icq.com,Female,157.188.43.100,Suite 80
645,Cale,Lodge,clodgehw@arizona.edu,Male,97.3.244.102,Apt 766
646,Freemon,Maith,fmaithhx@phoca.cz,Male,3.250.147.235,Room 1455
647,Britteny,Tiller,btillerhy@hp.com,Female,40.74.244.39,Apt 146
648,Cozmo,Alders,caldershz@hubpages.com,Agender,138.203.255.191,19th Floor
649,Jeanna,Solway,jsolwayi0@prlog.org,Female,234.25.65.197,Room 1793
650,Hildagard,Suerz,hsuerzi1@weebly.com,Female,59.227.192.190,Room 1595
651,Aubree,MacAughtrie,amacaughtriei2@tiny.cc,Female,0.250.54.205,Suite 61
652,Marlane,Ancliff,mancliffi3@msn.com,Genderqueer,204.151.122.127,Apt 1281
653,Nita,Kopps,nkoppsi4@businessinsider.com,Female,184.227.97.93,Apt 1480
654,Mord,Voak,mvoaki5@goo.ne.jp,Male,245.107.131.69,PO Box 43540
655,Megan,Hulatt,mhulatti6@cam.ac.uk,Female,225.35.43.41,18th Floor
656,Hildegaard,McIlvenny,hmcilvennyi7@cbslocal.com,Female,135.241.52.100,Apt 1130
657,Samara,Vasenkov,svasenkovi8@over-blog.com,Female,72.120.29.5,PO Box 35082
658,Nerita,Moylan,nmoylani9@usatoday.com,Female,83.134.77.226,Suite 69
659,Lauren,Greveson,lgrevesonia@lulu.com,Female,212.32.162.23,PO Box 87132
660,Oswald,Pelos,opelosib@paginegialle.it,Male,214.27.108.19,Apt 1226
661,Amalita,Tappington,atappingtonic@purevolume.com,Female,252.251.186.67,Room 482
662,Armin,Frazer,afrazerid@princeton.edu,Male,70.228.0.109,Apt 1039
663,Tuckie,Gibbins,tgibbinsie@nature.com,Male,161.220.15.189,Suite 22
664,Bradley,Sandlin,bsandlinif@ask.com,Male,201.113.116.210,Apt 1447
665,Anet,Erdes,aerdesig@arstechnica.com,Female,83.4.180.224,Room 204
666,Smitty,Hobben,shobbenih@uiuc.edu,Male,91.98.57.212,8th Floor
667,Cecilio,Calveley,ccalveleyii@oakley.com,Male,199.234.170.240,Room 1129
668,Claus,Welford,cwelfordij@etsy.com,Male,8.177.182.100,10th Floor
669,Tiphanie,Coward,tcowardik@wufoo.com,Female,149.224.239.239,Room 1070
670,Kristy,Tubritt,ktubrittil@cloudflare.com,Female,0.221.80.241,Room 723
671,Garald,Ould,gouldim@purevolume.com,Male,127.9.55.204,Suite 94
672,Else,Ormrod,eormrodin@miibeian.gov.cn,Female,247.208.66.47,4th Floor
673,Catriona,Sparshett,csparshettio@instagram.com,Female,130.55.3.101,Suite 82
674,Jerri,Palin,jpalinip@google.com.au,Male,219.143.50.86,Apt 1361
675,Margery,Torritti,mtorrittiiq@ebay.com,Female,124.92.88.6,PO Box 2038
676,Charmane,Yearnsley,cyearnsleyir@oracle.com,Female,39.144.112.227,PO Box 35731
677,Mallorie,Fuke,mfukeis@hatena.ne.jp,Genderqueer,26.136.250.238,Apt 1318
678,Ado,Speechly,aspeechlyit@so-net.ne.jp,Male,149.37.50.132,4th Floor
679,Maxi,Loxton,mloxtoniu@vk.com,Female,4.41.238.246,Suite 9
680,Aura,Dell Casa,adellcasaiv@123-reg.co.uk,Female,106.152.168.15,Suite 75
681,Courtnay,Juan,cjuaniw@intel.com,Female,131.53.134.60,Suite 22
682,Alphonso,Routley,aroutleyix@ifeng.com,Agender,216.147.224.148,PO Box 93961
683,Dominique,Heavyside,dheavysideiy@plala.or.jp,Male,60.166.144.157,Suite 3
684,Dale,Cocksedge,dcocksedgeiz@utexas.edu,Male,22.24.100.200,PO Box 82831
685,Dyann,Schollar,dschollarj0@goo.ne.jp,Female,248.123.214.202,Apt 1542
686,Ricoriki,Ealden,realdenj1@nydailynews.com,Male,147.37.58.137,19th Floor
687,Dorey,Suggate,dsuggatej2@kickstarter.com,Female,255.79.124.85,Suite 82
688,Molli,Joel,mjoelj3@google.it,Female,142.148.234.94,Room 361
689,Stephenie,Holton,sholtonj4@csmonitor.com,Female,29.113.46.253,Suite 14
690,Ward,Porteous,wporteousj5@opensource.org,Male,239.158.178.9,Suite 68
691,Alvira,Farrell,afarrellj6@mozilla.org,Female,200.208.117.119,Apt 42
692,Olivia,McGuffog,omcguffogj7@com.com,Female,214.68.53.52,Apt 1980
693,Cully,Sothcott,csothcottj8@surveymonkey.com,Male,176.183.220.244,10th Floor
694,Sherrie,Crosen,scrosenj9@google.nl,Polygender,176.241.236.123,15th Floor
695,Danika,Gobourn,dgobournja@chicagotribune.com,Genderqueer,206.198.30.249,Room 1097
696,Frannie,Amor,famorjb@pcworld.com,Female,240.170.92.115,5th Floor
697,Gilberto,Oiller,goillerjc@i2i.jp,Male,56.2.8.148,Suite 70
698,Edeline,Patron,epatronjd@senate.gov,Female,243.180.60.76,PO Box 5590
699,Maiga,Maccari,mmaccarije@networkadvertising.org,Female,167.175.113.135,Room 238
700,Aldous,Twells,atwellsjf@netscape.com,Male,95.13.41.212,Room 112
701,Pincas,Gawkroge,pgawkrogejg@nydailynews.com,Male,100.116.112.176,Room 1187
702,Matteo,Zanetto,mzanettojh@meetup.com,Male,210.123.108.94,Room 36
703,Zacharia,Sobczak,zsobczakji@webmd.com,Male,172.164.21.96,Suite 58
704,Justen,Casa,jcasajj@w3.org,Male,251.175.95.204,12th Floor
705,Jeni,Mault,jmaultjk@zdnet.com,Female,175.36.182.106,Room 1830
706,Dudley,Jerrard,djerrardjl@tripadvisor.com,Male,136.73.79.193,9th Floor
707,Waldo,Sabine,wsabinejm@altervista.org,Male,19.88.56.140,Apt 896
708,Holly,Chinnery,hchinneryjn@illinois.edu,Male,95.227.152.228,Room 58
709,Tore,Baxendale,tbaxendalejo@gmpg.org,Male,173.144.151.22,4th Floor
710,Glenn,Peaurt,gpeaurtjp@soundcloud.com,Female,108.55.94.214,Apt 1941
711,Camila,Swayne,cswaynejq@msu.edu,Female,134.108.104.226,PO Box 50298
712,Vassili,McShea,vmcsheajr@kickstarter.com,Male,122.166.87.129,Suite 17
713,Wallis,Clulow,wclulowjs@thetimes.co.uk,Male,10.196.222.163,Room 867
714,Heath,Wollard,hwollardjt@theatlantic.com,Female,175.149.23.170,Room 747
715,Maggy,Driffe,mdriffeju@people.com.cn,Female,148.115.115.126,PO Box 63073
716,Derrek,Boorman,dboormanjv@nydailynews.com,Male,225.112.238.34,Apt 204
717,Linnell,Titmus,ltitmusjw@japanpost.jp,Female,14.211.12.172,11th Floor
718,Lucky,Giberd,lgiberdjx@mit.edu,Female,29.217.168.123,Apt 1564
719,Cord,Nannizzi,cnannizzijy@weather.com,Male,103.167.231.96,Suite 5
720,Katheryn,Spritt,ksprittjz@timesonline.co.uk,Female,94.41.245.168,PO Box 80331
721,Ari,Merryman,amerrymank0@e-recht24.de,Male,150.224.226.172,PO Box 78785
722,Fons,Kinastan,fkinastank1@omniture.com,Male,120.59.48.73,Apt 367
723,Arlene,Conroy,aconroyk2@blog.com,Female,217.60.202.117,Suite 66
724,Munroe,Blitzer,mblitzerk3@fc2.com,Male,15.14.150.131,17th Floor
725,Eloise,Capoun,ecapounk4@odnoklassniki.ru,Female,8.199.29.254,Apt 1626
726,Doti,Vidler,dvidlerk5@nba.com,Female,58.156.244.185,Suite 86
727,Gretchen,Fennell,gfennellk6@cafepress.com,Female,71.151.197.218,6th Floor
728,Harriot,Gwinnell,hgwinnellk7@free.fr,Female,225.238.121.130,Apt 512
729,Rowan,Vernau,rvernauk8@joomla.org,Male,200.138.103.176,8th Floor
730,Nollie,Vennings,nvenningsk9@unblog.fr,Male,233.251.111.90,PO Box 6314
731,Ham,Brenard,hbrenardka@mediafire.com,Male,11.96.84.80,Room 84
732,Mala,Shemelt,mshemeltkb@yolasite.com,Female,27.81.184.250,Suite 50
733,Bree,Gilford,bgilfordkc@wunderground.com,Female,61.162.3.33,Apt 1912
734,Robinson,Elsom,relsomkd@globo.com,Polygender,216.214.22.104,Apt 1047
735,Julee,Trasler,jtraslerke@timesonline.co.uk,Female,126.68.53.102,13th Floor
736,Homerus,De Antoni,hdeantonikf@wordpress.org,Male,94.55.172.10,PO Box 81343
737,Elsi,Mousley,emousleykg@jalbum.net,Female,4.11.192.204,Suite 87
738,Hunfredo,Baggally,hbaggallykh@imdb.com,Male,194.65.15.34,Suite 38
739,Thorpe,Rickis,trickiski@opera.com,Male,37.246.151.93,Suite 10
740,Kirby,Tancock,ktancockkj@angelfire.com,Male,78.117.39.178,20th Floor
741,Olivie,Stileman,ostilemankk@simplemachines.org,Female,210.208.180.128,Suite 8
742,Kale,Kilsby,kkilsbykl@economist.com,Male,32.80.127.214,Apt 1913
743,Mitzi,Shilstone,mshilstonekm@ow.ly,Female,99.111.182.209,Room 703
744,Gianni,Dormon,gdormonkn@yahoo.com,Male,86.137.6.82,Suite 79
745,Chevalier,Gleder,cglederko@t.co,Male,83.226.79.74,Room 291
746,Corey,Aikman,caikmankp@bloglovin.com,Genderqueer,240.54.116.163,PO Box 20139
747,Ursulina,Smurthwaite,usmurthwaitekq@uol.com.br,Female,144.115.30.82,19th Floor
748,Demetrius,Hultberg,dhultbergkr@bloglovin.com,Male,51.141.62.82,1st Floor
749,Weider,Emanuele,wemanueleks@apache.org,Male,230.243.132.167,PO Box 69030
750,Audie,Beinke,abeinkekt@1und1.de,Female,189.180.90.136,Room 1989
751,Silvanus,Wheatcroft,swheatcroftku@addtoany.com,Male,34.59.130.184,20th Floor
752,Georgi,Blissitt,gblissittkv@arstechnica.com,Male,109.109.245.171,Room 1342
753,Elaine,Spiers,espierskw@independent.co.uk,Non-binary,249.61.113.210,11th Floor
754,Vonnie,MacGiolla,vmacgiollakx@google.com.hk,Female,201.5.161.73,PO Box 25673
755,Vinnie,Sainte Paul,vsaintepaulky@ebay.co.uk,Genderfluid,135.147.85.232,Apt 1397
756,Jeremias,Woodrup,jwoodrupkz@paypal.com,Male,202.219.1.144,Room 1008
757,Bertrand,Extill,bextilll0@loc.gov,Male,40.84.240.15,Apt 1780
758,Lew,Dadswell,ldadswelll1@smh.com.au,Male,234.171.37.123,PO Box 37032
759,Enoch,Levi,elevil2@ameblo.jp,Bigender,80.16.38.32,Apt 1358
760,Jordanna,MacGeffen,jmacgeffenl3@webs.com,Agender,208.4.30.8,Apt 185
761,Clary,Josephsen,cjosephsenl4@ucla.edu,Female,38.172.221.222,Room 414
762,Robbyn,Wraggs,rwraggsl5@csmonitor.com,Female,71.235.166.60,Room 1603
763,Mozelle,Smorthit,msmorthitl6@vkontakte.ru,Female,1.235.93.155,Room 666
764,Ingaberg,Osboldstone,iosboldstonel7@arstechnica.com,Female,89.32.233.195,Suite 27
765,Alvin,Antoniazzi,aantoniazzil8@google.de,Male,33.183.81.3,PO Box 30528
766,Jilly,Busher,jbusherl9@ft.com,Female,5.199.174.220,Room 713
767,Darrelle,Creffeild,dcreffeildla@themeforest.net,Female,87.68.167.207,Apt 1312
768,Hasty,Mayo,hmayolb@goo.ne.jp,Male,103.10.128.99,PO Box 61133
769,Deena,Scrammage,dscrammagelc@ftc.gov,Female,246.4.7.133,Apt 1316
770,Dukey,Anchor,danchorld@de.vu,Male,168.4.225.254,14th Floor
771,Anabal,Heinle,aheinlele@about.me,Non-binary,236.9.254.240,Apt 1531
772,Selma,Michal,smichallf@storify.com,Female,77.234.197.3,Apt 742
773,Burnard,Jansie,bjansielg@independent.co.uk,Male,30.34.169.69,20th Floor
774,Aguistin,Bennion,abennionlh@about.com,Male,100.204.193.148,PO Box 52158
775,Wynnie,Caudelier,wcaudelierli@godaddy.com,Female,218.30.189.241,Apt 1618
776,Pam,Lobley,plobleylj@utexas.edu,Female,174.92.174.75,Room 1394
777,Gabie,Sandon,gsandonlk@mysql.com,Genderqueer,201.54.222.105,2nd Floor
778,Dunstan,Baigrie,dbaigriell@europa.eu,Non-binary,156.73.132.175,Suite 68
779,Demeter,Evennett,devennettlm@state.gov,Female,251.213.11.66,Apt 654
780,Debbie,Draisey,ddraiseyln@tumblr.com,Female,183.86.126.107,PO Box 23966
781,Malchy,Griffitts,mgriffittslo@loc.gov,Male,41.139.16.121,Apt 1173
782,Franzen,Scrigmour,fscrigmourlp@fotki.com,Male,253.159.51.156,Apt 1200
783,Sasha,Gristhwaite,sgristhwaitelq@com.com,Female,38.61.98.134,Room 1382
784,Stephan,Beyer,sbeyerlr@unblog.fr,Male,83.157.133.148,14th Floor
785,Inna,Folks,ifolksls@mapquest.com,Female,182.37.175.149,Apt 35
786,Lurette,Bauldrey,lbauldreylt@multiply.com,Female,201.219.164.252,Apt 1229
787,Alley,Fraczkiewicz,afraczkiewiczlu@parallels.com,Male,53.114.131.131,Apt 1290
788,Carine,Dukes,cdukeslv@vinaora.com,Female,150.255.235.151,PO Box 33000
789,Roy,Villalta,rvillaltalw@ycombinator.com,Male,1.14.98.91,Room 543
790,Druci,Bilsland,dbilslandlx@examiner.com,Female,42.44.122.162,Suite 83
791,Goober,Pressey,gpresseyly@behance.net,Male,92.7.196.126,Apt 1800
792,Alane,De Mitri,ademitrilz@shutterfly.com,Female,175.13.15.73,Apt 151
793,Aidan,McInility,amcinilitym0@wix.com,Female,29.75.119.47,Room 1110
794,Therine,Minchinton,tminchintonm1@squidoo.com,Female,47.164.113.249,1st Floor
795,Cam,Churchard,cchurchardm2@answers.com,Male,14.182.183.195,PO Box 54357
796,Mac,Kerbey,mkerbeym3@ask.com,Male,63.203.11.218,14th Floor
797,Corabella,Dowsett,cdowsettm4@bloglines.com,Female,162.209.216.0,Apt 590
798,Elly,Logg,eloggm5@vimeo.com,Female,249.31.116.115,20th Floor
799,Valle,Fydoe,vfydoem6@unicef.org,Male,105.239.247.227,Suite 59
800,Ruth,Bawme,rbawmem7@bravesites.com,Agender,5.34.207.109,Suite 9
801,Grete,Deeley,gdeeleym8@icq.com,Genderfluid,17.235.101.110,8th Floor
802,Stavros,Gilyatt,sgilyattm9@cdbaby.com,Male,53.79.56.0,Suite 91
803,Constantina,Margiotta,cmargiottama@va.gov,Female,34.130.127.121,Suite 46
804,Maddie,Kealey,mkealeymb@cyberchimps.com,Male,87.229.139.134,PO Box 81344
805,Lenci,Babber,lbabbermc@house.gov,Male,195.162.206.244,4th Floor
806,Penrod,Iorillo,piorillomd@sciencedirect.com,Male,68.175.52.103,11th Floor
807,Kay,Harmson,kharmsonme@github.com,Female,69.35.202.168,PO Box 15753
808,Wald,Paulmann,wpaulmannmf@amazon.co.jp,Male,135.8.2.54,Suite 48
809,Mariejeanne,O'Crowley,mocrowleymg@google.ca,Female,58.146.165.180,PO Box 99597
810,Livy,Kemston,lkemstonmh@51.la,Female,71.209.197.54,6th Floor
811,Fannie,Bacher,fbachermi@icq.com,Female,217.51.183.188,PO Box 6633
812,Romeo,Bisset,rbissetmj@soundcloud.com,Male,60.114.27.195,Apt 893
813,Jennilee,Revel,jrevelmk@paginegialle.it,Genderqueer,231.83.134.137,Room 1425
814,Yehudi,Boler,ybolerml@about.com,Male,221.81.34.7,Suite 92
815,Orsola,Riolfo,oriolfomm@virginia.edu,Female,203.112.38.239,Apt 1696
816,Morrie,Domenico,mdomenicomn@virginia.edu,Male,84.39.172.58,Suite 56
817,Link,McGenn,lmcgennmo@spiegel.de,Male,242.82.0.64,14th Floor
818,Jard,Sorrie,jsorriemp@feedburner.com,Male,246.247.25.210,Apt 682
819,Brandais,Daoust,bdaoustmq@free.fr,Female,85.29.75.224,13th Floor
820,Lolly,Harden,lhardenmr@devhub.com,Female,200.224.176.19,PO Box 50724
821,Ira,Tuffrey,ituffreyms@geocities.jp,Female,13.11.239.123,PO Box 5514
822,Shauna,Widdowfield,swiddowfieldmt@ycombinator.com,Female,130.227.166.175,Room 116
823,Gordy,Jeromson,gjeromsonmu@t-online.de,Male,174.229.81.130,Room 1026
824,Adelina,Ginger,agingermv@ucoz.ru,Female,111.68.82.15,14th Floor
825,Donaugh,McIlwaine,dmcilwainemw@buzzfeed.com,Male,59.137.44.9,Apt 1557
826,Immanuel,Tout,itoutmx@bandcamp.com,Male,81.104.93.222,Apt 1296
827,Andre,Byfford,abyffordmy@vinaora.com,Male,109.61.162.200,Suite 97
828,Quill,Ungerer,qungerermz@360.cn,Male,223.159.122.106,Room 1989
829,Tedmund,Slatten,tslattenn0@sakura.ne.jp,Male,92.152.130.27,Apt 1676
830,Gnni,Scallon,gscallonn1@boston.com,Female,130.211.72.12,Apt 30
831,Garth,Epsly,gepslyn2@networkadvertising.org,Non-binary,202.10.233.236,Apt 299
832,Rica,Pride,rpriden3@google.cn,Female,70.12.208.24,Suite 44
833,Pam,Eginton,pegintonn4@vistaprint.com,Female,152.186.159.86,Apt 1702
834,Jerrilee,Day,jdayn5@uol.com.br,Female,17.60.232.190,Room 1775
835,Cele,Grange,cgrangen6@earthlink.net,Female,49.18.204.155,Apt 1930
836,Pamelina,Neve,pneven7@xing.com,Female,129.236.134.10,PO Box 72603
837,Keene,MacGaughy,kmacgaughyn8@elegantthemes.com,Genderqueer,18.243.129.77,PO Box 74495
838,Judah,Ingall,jingalln9@netvibes.com,Male,90.139.64.127,Suite 54
839,Hobart,Siaskowski,hsiaskowskina@reuters.com,Male,13.216.85.29,PO Box 68491
840,Annalee,Raecroft,araecroftnb@squarespace.com,Female,254.161.203.78,Apt 1928
841,Brinn,Rennick,brennicknc@zdnet.com,Female,24.61.39.0,PO Box 78848
842,Jaye,Wragg,jwraggnd@earthlink.net,Agender,152.95.116.182,Apt 688
843,Valentia,Gasperi,vgasperine@artisteer.com,Female,47.136.45.33,Apt 509
844,Avivah,Covil,acovilnf@deliciousdays.com,Female,239.226.65.21,Apt 704
845,Jobey,MacDonough,jmacdonoughng@nymag.com,Female,203.37.139.58,Apt 216
846,Melisandra,Carnegie,mcarnegienh@netvibes.com,Female,91.144.49.149,Room 491
847,Marvin,Yerrington,myerringtonni@patch.com,Male,211.28.13.121,Room 770
848,Elizabet,Winslett,ewinslettnj@vk.com,Female,54.148.205.34,PO Box 77306
849,Gunner,Klimpt,gklimptnk@rambler.ru,Male,188.116.51.92,Apt 1993
850,Emalia,Sambedge,esambedgenl@scribd.com,Female,36.215.131.25,Apt 1804
851,Shep,Honsch,shonschnm@blinklist.com,Male,10.180.161.111,Apt 1228
852,Harmonie,Loadsman,hloadsmannn@altervista.org,Female,4.120.55.26,Suite 83
853,Reinaldo,Perton,rpertonno@sogou.com,Male,201.107.14.166,PO Box 71510
854,Britteny,Duchasteau,bduchasteaunp@vimeo.com,Female,171.215.49.77,Room 1488
855,Nealon,Chastang,nchastangnq@senate.gov,Male,46.190.230.230,12th Floor
856,Erminia,Espinas,eespinasnr@arizona.edu,Female,47.244.236.120,18th Floor
857,Riccardo,Zanazzi,rzanazzins@shutterfly.com,Male,164.59.13.254,Suite 10
858,Vinny,Sannes,vsannesnt@washingtonpost.com,Male,124.40.196.7,PO Box 36442
859,Marnie,Redmore,mredmorenu@ameblo.jp,Female,67.17.250.197,10th Floor
860,Zedekiah,Truman,ztrumannv@ted.com,Male,103.27.183.243,Room 106
861,Abra,Tutsell,atutsellnw@timesonline.co.uk,Female,166.97.57.107,Suite 71
862,Calli,McIlharga,cmcilharganx@histats.com,Female,1.111.79.80,5th Floor
863,Monte,Barthel,mbarthelny@blogtalkradio.com,Bigender,9.26.11.207,Apt 1767
864,Calida,Davis,cdavisnz@wordpress.com,Female,97.146.25.17,PO Box 26425
865,Reinald,Sijmons,rsijmonso0@mit.edu,Male,169.47.120.38,PO Box 83550
866,Michelina,MacBain,mmacbaino1@tumblr.com,Polygender,235.117.20.192,2nd Floor
867,Raphael,Murden,rmurdeno2@e-recht24.de,Male,121.198.67.142,PO Box 41380
868,Katie,Matczak,kmatczako3@netlog.com,Female,171.215.155.144,Apt 527
869,Cherri,Lensch,clenscho4@csmonitor.com,Female,235.250.0.229,Suite 66
870,Hendrick,Mandel,hmandelo5@reference.com,Male,88.254.206.86,Apt 1127
871,Adolph,Stoffer,astoffero6@mashable.com,Male,148.77.146.51,Room 1743
872,Brett,Warcop,bwarcopo7@narod.ru,Male,171.135.243.76,Suite 10
873,Filmer,Jepperson,fjeppersono8@nih.gov,Male,222.155.96.226,Apt 385
874,Theodoric,Shuttleworth,tshuttlewortho9@columbia.edu,Male,248.243.64.95,Room 1593
875,Myra,Willment,mwillmentoa@dell.com,Female,143.101.176.65,Apt 1983
876,Parsifal,Campbell,pcampbellob@dion.ne.jp,Male,12.53.81.163,Room 1322
877,Gennie,Backshell,gbackshelloc@newyorker.com,Female,189.187.215.186,Suite 31
878,Umberto,Riby,uribyod@fda.gov,Male,26.246.34.136,Apt 1656
879,Johna,Tant,jtantoe@diigo.com,Female,99.127.12.129,10th Floor
880,Bail,Oakes,boakesof@myspace.com,Male,43.184.168.187,14th Floor
881,Trudy,Youthed,tyouthedog@time.com,Female,121.79.12.21,Suite 10
882,Eb,Colley,ecolleyoh@oakley.com,Male,230.253.131.228,PO Box 84948
883,Sharona,Spellward,sspellwardoi@weather.com,Polygender,56.128.91.79,20th Floor
884,Hally,Antoniutti,hantoniuttioj@istockphoto.com,Female,102.175.148.97,1st Floor
885,Chancey,Iredale,ciredaleok@state.tx.us,Male,208.179.183.29,PO Box 6124
886,Tyler,Lishmund,tlishmundol@spiegel.de,Male,226.100.16.188,Suite 31
887,Hilliard,Laurie,hlaurieom@t-online.de,Male,70.29.40.170,Suite 72
888,Alverta,Andre,aandreon@cdc.gov,Female,205.8.103.110,PO Box 56749
889,Levy,Mellon,lmellonoo@accuweather.com,Male,225.188.33.249,Apt 493
890,Niki,Cordero,ncorderoop@storify.com,Male,239.37.216.111,Room 1142
891,Coleen,Izakson,cizaksonoq@gnu.org,Female,210.116.106.6,Apt 641
892,Viviana,Notley,vnotleyor@mozilla.com,Female,0.51.133.72,Apt 1197
893,Codi,Zorzenoni,czorzenonios@omniture.com,Female,242.21.163.44,PO Box 83540
894,Mordecai,O'Lehane,molehaneot@smugmug.com,Agender,83.240.132.210,PO Box 65735
895,Aeriela,Thomas,athomasou@squarespace.com,Female,204.222.23.35,PO Box 50668
896,Alena,Dyott,adyottov@opensource.org,Female,244.155.102.251,Suite 40
897,Goldie,Gianasi,ggianasiow@gmpg.org,Female,249.216.10.225,Suite 31
898,Reg,Thirsk,rthirskox@narod.ru,Male,156.45.119.249,7th Floor
899,Amelina,Ledekker,aledekkeroy@loc.gov,Genderfluid,1.25.242.115,Room 1573
900,Kamila,Brookwood,kbrookwoodoz@domainmarket.com,Female,238.227.96.189,16th Floor
901,Fancy,O'Cosgra,focosgrap0@accuweather.com,Female,133.244.193.87,Apt 1362
902,Dexter,Mouncey,dmounceyp1@about.me,Male,93.168.12.132,PO Box 21261
903,Cletis,Itzcak,citzcakp2@home.pl,Male,163.91.170.34,Apt 363
904,Seymour,Elders,seldersp3@canalblog.com,Male,11.70.236.131,Apt 289
905,Linnet,Fitzroy,lfitzroyp4@wsj.com,Female,86.41.64.188,13th Floor
906,Ermin,Furman,efurmanp5@usa.gov,Agender,121.73.109.205,Room 1204
907,Rhonda,Metheringham,rmetheringhamp6@un.org,Non-binary,20.251.129.235,Suite 47
908,Rutherford,Claye,rclayep7@baidu.com,Male,217.56.205.138,Suite 67
909,Konstantine,Sarfati,ksarfatip8@comcast.net,Male,77.164.33.45,PO Box 22466
910,Kareem,Heinish,kheinishp9@pcworld.com,Male,232.113.22.232,Apt 1898
911,Evanne,Tingly,etinglypa@bluehost.com,Female,39.55.6.32,Suite 98
912,Roldan,Brentnall,rbrentnallpb@woothemes.com,Male,136.200.130.165,PO Box 72515
913,Iolanthe,Faraday,ifaradaypc@amazonaws.com,Female,76.154.90.3,Suite 28
914,Izzy,Trevenu,itrevenupd@fotki.com,Male,160.133.94.12,Room 522
915,Cherise,Merigeau,cmerigeaupe@friendfeed.com,Female,190.113.41.27,PO Box 40025
916,Odella,Corey,ocoreypf@engadget.com,Polygender,35.90.140.169,Suite 78
917,Marla,Scrowston,mscrowstonpg@tripod.com,Agender,42.103.160.246,10th Floor
918,Griffin,Crinage,gcrinageph@icq.com,Male,121.166.213.75,Apt 1254
919,Timmy,Gayther,tgaytherpi@tripadvisor.com,Male,98.175.122.22,PO Box 84005
920,Pincus,Winn,pwinnpj@nih.gov,Male,77.97.16.203,PO Box 23803
921,Venus,Loveguard,vloveguardpk@slashdot.org,Female,136.56.94.26,Apt 491
922,Angel,Fussie,afussiepl@seesaa.net,Male,75.242.96.8,Apt 1314
923,Averyl,Lapre,alaprepm@intel.com,Female,18.60.118.107,PO Box 7362
924,Sherry,Rodriguez,srodriguezpn@adobe.com,Female,94.236.69.200,PO Box 38993
925,Mick,Towne,mtownepo@ovh.net,Male,30.232.157.228,Suite 71
926,Michail,Yerlett,myerlettpp@globo.com,Male,185.126.1.39,16th Floor
927,Kerr,Berston,kberstonpq@bandcamp.com,Male,68.161.24.97,PO Box 90105
928,Tammy,Schoenrock,tschoenrockpr@a8.net,Male,157.193.60.19,Apt 980
929,Bram,Birmingham,bbirminghamps@apache.org,Bigender,34.140.18.238,PO Box 33856
930,Alberta,Chasson,achassonpt@ovh.net,Female,244.226.215.76,PO Box 77475
931,Cyrillus,Goodbar,cgoodbarpu@soundcloud.com,Genderqueer,11.187.9.74,8th Floor
932,Alisa,Cathro,acathropv@house.gov,Female,193.50.180.155,Room 1030
933,Packston,Marcus,pmarcuspw@disqus.com,Male,61.69.15.5,Apt 399
934,Bevvy,Cotta,bcottapx@angelfire.com,Female,172.10.44.54,Apt 521
935,Ulick,Rawsen,urawsenpy@csmonitor.com,Male,132.216.149.246,Suite 56
936,Gwenette,Kivits,gkivitspz@wix.com,Agender,190.209.107.132,17th Floor
937,Ardra,Geharke,ageharkeq0@skyrock.com,Female,150.187.142.95,Apt 97
938,Kamillah,Maharry,kmaharryq1@salon.com,Genderqueer,235.137.114.164,Room 23
939,Wilfred,Callan,wcallanq2@merriam-webster.com,Male,93.91.241.121,PO Box 45882
940,Stillman,Haime,shaimeq3@pinterest.com,Male,16.194.234.216,Apt 645
941,Kylen,Castletine,kcastletineq4@symantec.com,Agender,201.116.46.134,PO Box 34411
942,Cordula,Knight,cknightq5@flickr.com,Female,81.221.115.41,Suite 66
943,Ediva,Pritchitt,epritchittq6@nytimes.com,Female,79.250.213.86,PO Box 73227
944,Kippie,Millsom,kmillsomq7@rambler.ru,Non-binary,122.180.0.253,Apt 1719
945,Fernande,Brady,fbradyq8@liveinternet.ru,Female,3.93.49.103,Apt 134
946,Trude,Newsome,tnewsomeq9@wufoo.com,Female,62.114.55.90,5th Floor
947,Clair,Archanbault,carchanbaultqa@fotki.com,Male,220.88.3.137,Suite 45
948,Willyt,Coughlan,wcoughlanqb@is.gd,Female,165.212.211.86,15th Floor
949,Sunshine,Ronchetti,sronchettiqc@nifty.com,Female,111.249.38.121,Suite 66
950,Chastity,Newns,cnewnsqd@whitehouse.gov,Agender,77.24.132.118,Apt 1289
951,Francesco,Aslet,fasletqe@elpais.com,Male,226.109.145.207,17th Floor
952,Red,Kirkbride,rkirkbrideqf@theglobeandmail.com,Male,210.169.106.23,Suite 28
953,Leonardo,Dimmock,ldimmockqg@youtube.com,Male,89.248.247.96,PO Box 10060
954,Antonio,Sleicht,asleichtqh@alibaba.com,Male,129.80.221.252,3rd Floor
955,Tibold,Reace,treaceqi@constantcontact.com,Male,212.29.22.51,Suite 94
956,Rona,Patria,rpatriaqj@gov.uk,Female,13.175.186.98,Suite 51
957,Brenn,Cranshaw,bcranshawqk@ebay.com,Female,156.240.33.167,Room 1984
958,Odele,Zuan,ozuanql@sohu.com,Female,129.197.201.156,Room 1576
959,Gordon,Willerson,gwillersonqm@baidu.com,Male,56.43.57.50,Suite 82
960,Clevey,Salmon,csalmonqn@rakuten.co.jp,Male,81.183.77.55,2nd Floor
961,Tessa,Uzelli,tuzelliqo@tiny.cc,Female,34.92.40.110,PO Box 36321
962,Ransom,Hammand,rhammandqp@behance.net,Male,164.107.27.207,Apt 1293
963,Myron,Gandy,mgandyqq@huffingtonpost.com,Male,49.47.73.238,PO Box 4682
964,Sayer,Bertomeu,sbertomeuqr@geocities.com,Male,175.156.133.253,PO Box 77798
965,Anna-diane,Labern,alabernqs@xinhuanet.com,Female,87.111.121.81,12th Floor
966,Lynnell,Clemenza,lclemenzaqt@cloudflare.com,Female,134.168.5.157,PO Box 96599
967,Helenka,Carik,hcarikqu@cbsnews.com,Female,42.212.245.51,PO Box 90018
968,Orville,Vasile,ovasileqv@cloudflare.com,Male,137.252.200.194,PO Box 73718
969,Vincents,Alldritt,valldrittqw@dion.ne.jp,Male,115.146.25.203,PO Box 68909
970,Meghann,Jestico,mjesticoqx@hp.com,Genderqueer,166.58.22.101,19th Floor
971,Koralle,Ponceford,kponcefordqy@issuu.com,Genderqueer,69.155.90.222,Apt 1179
972,Annabella,Applewhaite,aapplewhaiteqz@vimeo.com,Genderqueer,21.38.62.173,Room 1929
973,Larina,Lardiner,llardinerr0@quantcast.com,Female,47.224.27.152,PO Box 31042
974,Florencia,Vasse,fvasser1@comcast.net,Female,147.206.173.142,Apt 1118
975,Cirillo,Minette,cminetter2@merriam-webster.com,Male,8.172.240.89,13th Floor
976,Welby,Shovelin,wshovelinr3@exblog.jp,Male,88.249.0.2,Suite 77
977,Dimitry,Madders,dmaddersr4@apache.org,Male,130.130.2.228,Room 155
978,Trenna,Varley,tvarleyr5@typepad.com,Female,200.16.231.74,PO Box 20494
979,Araldo,Mion,amionr6@amazon.co.jp,Male,64.160.0.224,5th Floor
980,Betteann,Isac,bisacr7@fda.gov,Genderfluid,9.84.108.179,Room 970
981,Marlena,Vaissiere,mvaissierer8@opensource.org,Female,207.59.16.190,Room 1238
982,Melonie,Simione,msimioner9@wikia.com,Female,13.189.102.162,1st Floor
983,Ken,McCarle,kmccarlera@w3.org,Genderqueer,211.243.6.54,PO Box 96171
984,Jaquith,Goodram,jgoodramrb@goo.gl,Female,209.160.241.123,PO Box 8254
985,Helen,Drust,hdrustrc@epa.gov,Female,78.108.234.37,Suite 52
986,Desiree,Dressel,ddresselrd@squidoo.com,Female,159.122.16.232,Apt 1034
987,Tracie,Row,trowre@bbc.co.uk,Male,143.156.129.229,PO Box 54442
988,Devy,Debling,ddeblingrf@sfgate.com,Male,192.52.112.19,19th Floor
989,Evelyn,Wardell,ewardellrg@admin.ch,Female,245.114.46.240,Room 1523
990,Fanchon,Elbourn,felbournrh@reuters.com,Female,19.40.71.118,Apt 1843
991,Gibbie,Passo,gpassori@aboutads.info,Male,218.11.95.133,PO Box 65570
992,Halsy,Wabersinke,hwabersinkerj@jalbum.net,Male,41.79.38.193,PO Box 83134
993,Caye,Alldridge,calldridgerk@princeton.edu,Female,165.202.11.229,18th Floor
994,Lawry,Dunbabin,ldunbabinrl@ning.com,Male,194.134.56.115,Room 865
995,Regan,Vynehall,rvynehallrm@apache.org,Male,223.105.35.163,PO Box 46500
996,Eulalie,Yude,eyudern@cyberchimps.com,Female,189.201.26.72,Suite 24
997,Korey,Dasent,kdasentro@webs.com,Male,237.197.163.207,Suite 37
998,Gabbie,Van den Hof,gvandenhofrp@uiuc.edu,Female,104.126.74.221,PO Box 20209
999,Derrick,Piddle,dpiddlerq@yale.edu,Male,28.220.82.161,PO Box 89761
1000,Wanda,Prose,wproserr@feedburner.com,Female,109.168.86.95,6th Floor
